platform,algorithm,mode,key_size_bits,message_size_bytes,samples,source_files_count,source_files,repetitions_min,repetitions_max,throughput_encrypt_mbps_mean,ci95_encrypt_mbps_mean,ic95_relative_pct_mean,threshold_rel_ic95_pct,confidence_95_condition,threshold_condition,overall_status
arm,3DES,CBC,128,64,3,3,"raspberry_experience1_20260718.csv, raspberry_experience2_20260718.csv, raspberry_experience3_20260718.csv",100,100,0.3815276348401993,0.010254095554739719,2.8671054320643474,10.0,PASS,PASS,PASS
arm,3DES,CBC,128,256,3,3,"raspberry_experience1_20260718.csv, raspberry_experience2_20260718.csv, raspberry_experience3_20260718.csv",100,100,0.42797349416503433,0.010048315671199159,2.7296528793213444,10.0,PASS,PASS,PASS
arm,3DES,CBC,128,1024,3,3,"raspberry_experience1_20260718.csv, raspberry_experience2_20260718.csv, raspberry_experience3_20260718.csv",100,100,0.45314871368517623,0.008571162843282158,2.111970622342666,10.0,PASS,PASS,PASS
arm,3DES,CBC,128,4096,3,3,"raspberry_experience1_20260718.csv, raspberry_experience2_20260718.csv, raspberry_experience3_20260718.csv",100,100,0.4803257706545319,0.0022235173839061113,0.4865337522664987,10.0,PASS,PASS,PASS
arm,3DES,CBC,128,16384,3,3,"raspberry_experience1_20260718.csv, raspberry_experience2_20260718.csv, raspberry_experience3_20260718.csv",100,100,0.4886419569772889,0.0009370416817810872,0.19545473466739308,10.0,PASS,PASS,PASS
arm,3DES,CBC,192,64,3,3,"raspberry_experience1_20260718.csv, raspberry_experience2_20260718.csv, raspberry_experience3_20260718.csv",100,100,0.3845971394685533,0.010032553699047552,2.767301842427219,10.0,PASS,PASS,PASS
arm,3DES,CBC,192,256,3,3,"raspberry_experience1_20260718.csv, raspberry_experience2_20260718.csv, raspberry_experience3_20260718.csv",100,100,0.4423445823706376,0.007570652608202981,1.8746465730080868,10.0,PASS,PASS,PASS
arm,3DES,CBC,192,1024,3,3,"raspberry_experience1_20260718.csv, raspberry_experience2_20260718.csv, raspberry_experience3_20260718.csv",100,100,0.4666243132138484,0.003963020597206581,0.9082403656372212,10.0,PASS,PASS,PASS
arm,3DES,CBC,192,4096,3,3,"raspberry_experience1_20260718.csv, raspberry_experience2_20260718.csv, raspberry_experience3_20260718.csv",100,100,0.4806177304084511,0.0021934866435462156,0.47669177095217513,10.0,PASS,PASS,PASS
arm,3DES,CBC,192,16384,3,3,"raspberry_experience1_20260718.csv, raspberry_experience2_20260718.csv, raspberry_experience3_20260718.csv",100,100,0.4877696524678578,0.001144975434794817,0.24372101300965046,10.0,PASS,PASS,PASS
arm,3DES,CTR,128,64,3,3,"raspberry_experience1_20260718.csv, raspberry_experience2_20260718.csv, raspberry_experience3_20260718.csv",100,100,0.3005463454178643,0.009036110391595504,3.6680321719986515,10.0,PASS,PASS,PASS
arm,3DES,CTR,128,256,3,3,"raspberry_experience1_20260718.csv, raspberry_experience2_20260718.csv, raspberry_experience3_20260718.csv",100,100,0.8092175718500892,0.031367794439896034,4.945361858047106,10.0,PASS,PASS,PASS
arm,3DES,CTR,128,1024,3,3,"raspberry_experience1_20260718.csv, raspberry_experience2_20260718.csv, raspberry_experience3_20260718.csv",100,100,1.6102625385691354,0.03615707208241923,2.7938047788063827,10.0,PASS,PASS,PASS
arm,3DES,CTR,128,4096,3,3,"raspberry_experience1_20260718.csv, raspberry_experience2_20260718.csv, raspberry_experience3_20260718.csv",100,100,2.24842041533612,0.029648564967901206,1.496723752561098,10.0,PASS,PASS,PASS
arm,3DES,CTR,128,16384,3,3,"raspberry_experience1_20260718.csv, raspberry_experience2_20260718.csv, raspberry_experience3_20260718.csv",100,100,2.634493008113841,0.024490350457835486,1.0025688170847624,10.0,PASS,PASS,PASS
arm,3DES,CTR,192,64,3,3,"raspberry_experience1_20260718.csv, raspberry_experience2_20260718.csv, raspberry_experience3_20260718.csv",100,100,0.26260351266202436,0.011944518811263724,5.402287228397131,10.0,PASS,PASS,PASS
arm,3DES,CTR,192,256,3,3,"raspberry_experience1_20260718.csv, raspberry_experience2_20260718.csv, raspberry_experience3_20260718.csv",100,100,0.7540625963144348,0.026560203012020892,4.000814663910099,10.0,PASS,PASS,PASS
arm,3DES,CTR,192,1024,3,3,"raspberry_experience1_20260718.csv, raspberry_experience2_20260718.csv, raspberry_experience3_20260718.csv",100,100,1.4631869869411338,0.03670138491002437,3.176184009035023,10.0,PASS,PASS,PASS
arm,3DES,CTR,192,4096,3,3,"raspberry_experience1_20260718.csv, raspberry_experience2_20260718.csv, raspberry_experience3_20260718.csv",100,100,2.242977855445337,0.03174733151068109,1.6121318713109938,10.0,PASS,PASS,PASS
arm,3DES,CTR,192,16384,3,3,"raspberry_experience1_20260718.csv, raspberry_experience2_20260718.csv, raspberry_experience3_20260718.csv",100,100,2.623888173623597,0.024724955035237767,1.0083990742384672,10.0,PASS,PASS,PASS
arm,3DES,ECB,128,64,3,3,"raspberry_experience1_20260718.csv, raspberry_experience2_20260718.csv, raspberry_experience3_20260718.csv",100,100,0.38685232354704063,0.01390520962301964,3.966993159600737,10.0,PASS,PASS,PASS
arm,3DES,ECB,128,256,3,3,"raspberry_experience1_20260718.csv, raspberry_experience2_20260718.csv, raspberry_experience3_20260718.csv",100,100,1.3523590824303178,0.04749832188565815,4.069531193353145,10.0,PASS,PASS,PASS
arm,3DES,ECB,128,1024,3,3,"raspberry_experience1_20260718.csv, raspberry_experience2_20260718.csv, raspberry_experience3_20260718.csv",100,100,3.404891693860448,0.10243080625496381,3.7983369615430203,10.0,PASS,PASS,PASS
arm,3DES,ECB,128,4096,3,3,"raspberry_experience1_20260718.csv, raspberry_experience2_20260718.csv, raspberry_experience3_20260718.csv",100,100,6.6172263655059,0.1625637371412205,2.94278693522454,10.0,PASS,PASS,PASS
arm,3DES,ECB,128,16384,3,3,"raspberry_experience1_20260718.csv, raspberry_experience2_20260718.csv, raspberry_experience3_20260718.csv",100,100,9.062941689190726,0.13912125928182487,1.7611783547352229,10.0,PASS,PASS,PASS
arm,3DES,ECB,192,64,3,3,"raspberry_experience1_20260718.csv, raspberry_experience2_20260718.csv, raspberry_experience3_20260718.csv",100,100,0.321204323116466,0.011095943414101778,3.961483010178828,10.0,PASS,PASS,PASS
arm,3DES,ECB,192,256,3,3,"raspberry_experience1_20260718.csv, raspberry_experience2_20260718.csv, raspberry_experience3_20260718.csv",100,100,1.1027087316226718,0.03698105109503446,4.031685766428525,10.0,PASS,PASS,PASS
arm,3DES,ECB,192,1024,3,3,"raspberry_experience1_20260718.csv, raspberry_experience2_20260718.csv, raspberry_experience3_20260718.csv",100,100,3.208928615228602,0.10360676243608603,3.9045554065584063,10.0,PASS,PASS,PASS
arm,3DES,ECB,192,4096,3,3,"raspberry_experience1_20260718.csv, raspberry_experience2_20260718.csv, raspberry_experience3_20260718.csv",100,100,6.3998689465880645,0.14093490943763562,2.6339169223837606,10.0,PASS,PASS,PASS
arm,3DES,ECB,192,16384,3,3,"raspberry_experience1_20260718.csv, raspberry_experience2_20260718.csv, raspberry_experience3_20260718.csv",100,100,8.832896111748836,0.13899838366117803,1.7812594928318912,10.0,PASS,PASS,PASS
arm,AES,CBC,128,64,3,3,"raspberry_experience1_20260718.csv, raspberry_experience2_20260718.csv, raspberry_experience3_20260718.csv",100,100,0.25096149912207516,0.0074535427678053085,3.176656171165708,10.0,PASS,PASS,PASS
arm,AES,CBC,128,256,3,3,"raspberry_experience1_20260718.csv, raspberry_experience2_20260718.csv, raspberry_experience3_20260718.csv",100,100,0.31369876547576997,0.00659935432392702,2.3438205207918457,10.0,PASS,PASS,PASS
arm,AES,CBC,128,1024,3,3,"raspberry_experience1_20260718.csv, raspberry_experience2_20260718.csv, raspberry_experience3_20260718.csv",100,100,0.34115112022739763,0.003379063454702107,1.0550793660637583,10.0,PASS,PASS,PASS
arm,AES,CBC,128,4096,3,3,"raspberry_experience1_20260718.csv, raspberry_experience2_20260718.csv, raspberry_experience3_20260718.csv",100,100,0.336829145855583,0.004054442492047463,1.2876536391745028,10.0,PASS,PASS,PASS
arm,AES,CBC,128,16384,3,3,"raspberry_experience1_20260718.csv, raspberry_experience2_20260718.csv, raspberry_experience3_20260718.csv",100,100,0.360119168192843,0.006128385513596329,1.8116867484879577,10.0,PASS,PASS,PASS
arm,AES,CBC,192,64,3,3,"raspberry_experience1_20260718.csv, raspberry_experience2_20260718.csv, raspberry_experience3_20260718.csv",100,100,0.27995444925441987,0.005449420948164681,1.9965818276853853,10.0,PASS,PASS,PASS
arm,AES,CBC,192,256,3,3,"raspberry_experience1_20260718.csv, raspberry_experience2_20260718.csv, raspberry_experience3_20260718.csv",100,100,0.3430606823909466,0.0022561922722860307,0.7062263440600732,10.0,PASS,PASS,PASS
arm,AES,CBC,192,1024,3,3,"raspberry_experience1_20260718.csv, raspberry_experience2_20260718.csv, raspberry_experience3_20260718.csv",100,100,0.3624449573282888,0.003397082681482744,0.9375656306921366,10.0,PASS,PASS,PASS
arm,AES,CBC,192,4096,3,3,"raspberry_experience1_20260718.csv, raspberry_experience2_20260718.csv, raspberry_experience3_20260718.csv",100,100,0.37334809753899156,0.0013898898866930767,0.3755015512986155,10.0,PASS,PASS,PASS
arm,AES,CBC,192,16384,3,3,"raspberry_experience1_20260718.csv, raspberry_experience2_20260718.csv, raspberry_experience3_20260718.csv",100,100,0.3793289638482861,0.0004529116557129983,0.12077766498933662,10.0,PASS,PASS,PASS
arm,AES,CBC,256,64,3,3,"raspberry_experience1_20260718.csv, raspberry_experience2_20260718.csv, raspberry_experience3_20260718.csv",100,100,0.27907569917532615,0.004094557532467818,1.559403451570808,10.0,PASS,PASS,PASS
arm,AES,CBC,256,256,3,3,"raspberry_experience1_20260718.csv, raspberry_experience2_20260718.csv, raspberry_experience3_20260718.csv",100,100,0.3402105210968156,0.002927472196435107,0.9087009388388956,10.0,PASS,PASS,PASS
arm,AES,CBC,256,1024,3,3,"raspberry_experience1_20260718.csv, raspberry_experience2_20260718.csv, raspberry_experience3_20260718.csv",100,100,0.361615001099733,0.0019677071834168116,0.5720594758270368,10.0,PASS,PASS,PASS
arm,AES,CBC,256,4096,3,3,"raspberry_experience1_20260718.csv, raspberry_experience2_20260718.csv, raspberry_experience3_20260718.csv",100,100,0.36343203688585707,0.002362813015849883,0.6548971018899067,10.0,PASS,PASS,PASS
arm,AES,CBC,256,16384,3,3,"raspberry_experience1_20260718.csv, raspberry_experience2_20260718.csv, raspberry_experience3_20260718.csv",100,100,0.37126656579119494,0.0019334466763810945,0.5084493127965054,10.0,PASS,PASS,PASS
arm,AES,CTR,128,64,3,3,"raspberry_experience1_20260718.csv, raspberry_experience2_20260718.csv, raspberry_experience3_20260718.csv",100,100,0.8881865603498721,0.06911391377988421,7.862722778386824,10.0,PASS,PASS,PASS
arm,AES,CTR,128,256,3,3,"raspberry_experience1_20260718.csv, raspberry_experience2_20260718.csv, raspberry_experience3_20260718.csv",100,100,1.959307367545067,0.12386494090700749,6.918255287059296,10.0,PASS,PASS,PASS
arm,AES,CTR,128,1024,3,3,"raspberry_experience1_20260718.csv, raspberry_experience2_20260718.csv, raspberry_experience3_20260718.csv",100,100,2.789468826570116,0.25916885083094626,11.795478776656802,10.0,PASS,FAIL,FAIL
arm,AES,CTR,128,4096,3,3,"raspberry_experience1_20260718.csv, raspberry_experience2_20260718.csv, raspberry_experience3_20260718.csv",100,100,3.7757093859622834,0.06878382057013653,2.013659348120944,10.0,PASS,PASS,PASS
arm,AES,CTR,128,16384,3,3,"raspberry_experience1_20260718.csv, raspberry_experience2_20260718.csv, raspberry_experience3_20260718.csv",100,100,4.089123390731354,0.02954896934856158,0.7826505325397369,10.0,PASS,PASS,PASS
arm,AES,CTR,192,64,3,3,"raspberry_experience1_20260718.csv, raspberry_experience2_20260718.csv, raspberry_experience3_20260718.csv",100,100,0.9546702475580459,0.042302101088599324,4.60099755642845,10.0,PASS,PASS,PASS
arm,AES,CTR,192,256,3,3,"raspberry_experience1_20260718.csv, raspberry_experience2_20260718.csv, raspberry_experience3_20260718.csv",100,100,2.071142147979659,0.10571081777723716,5.426990151403895,10.0,PASS,PASS,PASS
arm,AES,CTR,192,1024,3,3,"raspberry_experience1_20260718.csv, raspberry_experience2_20260718.csv, raspberry_experience3_20260718.csv",100,100,3.231759728196287,0.07519598912841254,3.0865813724643747,10.0,PASS,PASS,PASS
arm,AES,CTR,192,4096,3,3,"raspberry_experience1_20260718.csv, raspberry_experience2_20260718.csv, raspberry_experience3_20260718.csv",100,100,3.3992058527936284,0.08599079404172509,2.743477074464902,10.0,PASS,PASS,PASS
arm,AES,CTR,192,16384,3,3,"raspberry_experience1_20260718.csv, raspberry_experience2_20260718.csv, raspberry_experience3_20260718.csv",100,100,3.8121431285091307,0.05802138440468319,1.6426102462972565,10.0,PASS,PASS,PASS
arm,AES,CTR,256,64,3,3,"raspberry_experience1_20260718.csv, raspberry_experience2_20260718.csv, raspberry_experience3_20260718.csv",100,100,0.9170134156854374,0.059326150271845825,6.866495124697273,10.0,PASS,PASS,PASS
arm,AES,CTR,256,256,3,3,"raspberry_experience1_20260718.csv, raspberry_experience2_20260718.csv, raspberry_experience3_20260718.csv",100,100,1.944777713970586,0.1040075152967281,6.230053975327119,10.0,PASS,PASS,PASS
arm,AES,CTR,256,1024,3,3,"raspberry_experience1_20260718.csv, raspberry_experience2_20260718.csv, raspberry_experience3_20260718.csv",100,100,2.736534097782375,0.07977141012549675,3.5939843623467778,10.0,PASS,PASS,PASS
arm,AES,CTR,256,4096,3,3,"raspberry_experience1_20260718.csv, raspberry_experience2_20260718.csv, raspberry_experience3_20260718.csv",100,100,3.394220318112291,0.05854900951435497,1.9915459339279729,10.0,PASS,PASS,PASS
arm,AES,CTR,256,16384,3,3,"raspberry_experience1_20260718.csv, raspberry_experience2_20260718.csv, raspberry_experience3_20260718.csv",100,100,3.8096691116404706,0.048433307041852086,1.3862429893991612,10.0,PASS,PASS,PASS
arm,AES,ECB,128,64,3,3,"raspberry_experience1_20260718.csv, raspberry_experience2_20260718.csv, raspberry_experience3_20260718.csv",100,100,0.902432902042273,0.6298310886184025,72.45271977022269,10.0,PASS,FAIL,FAIL
arm,AES,ECB,128,256,3,3,"raspberry_experience1_20260718.csv, raspberry_experience2_20260718.csv, raspberry_experience3_20260718.csv",100,100,4.772972568406112,0.5831108782946949,13.586644953549476,10.0,PASS,FAIL,FAIL
arm,AES,ECB,128,1024,3,3,"raspberry_experience1_20260718.csv, raspberry_experience2_20260718.csv, raspberry_experience3_20260718.csv",100,100,17.610373653444935,1.243308124993978,7.451841008732289,10.0,PASS,PASS,PASS
arm,AES,ECB,128,4096,3,3,"raspberry_experience1_20260718.csv, raspberry_experience2_20260718.csv, raspberry_experience3_20260718.csv",100,100,36.789659616131665,3.3123216386316336,9.64454014367783,10.0,PASS,PASS,PASS
arm,AES,ECB,128,16384,3,3,"raspberry_experience1_20260718.csv, raspberry_experience2_20260718.csv, raspberry_experience3_20260718.csv",100,100,53.94723447693442,1.8606413648915066,3.970488653281184,10.0,PASS,PASS,PASS
arm,AES,ECB,192,64,3,3,"raspberry_experience1_20260718.csv, raspberry_experience2_20260718.csv, raspberry_experience3_20260718.csv",100,100,1.4793389825955734,0.09053419707327638,6.344920285603806,10.0,PASS,PASS,PASS
arm,AES,ECB,192,256,3,3,"raspberry_experience1_20260718.csv, raspberry_experience2_20260718.csv, raspberry_experience3_20260718.csv",100,100,5.53380328524081,0.3447102830947238,6.495770858664873,10.0,PASS,PASS,PASS
arm,AES,ECB,192,1024,3,3,"raspberry_experience1_20260718.csv, raspberry_experience2_20260718.csv, raspberry_experience3_20260718.csv",100,100,17.964150746407768,0.8687110838155196,5.045174303862269,10.0,PASS,PASS,PASS
arm,AES,ECB,192,4096,3,3,"raspberry_experience1_20260718.csv, raspberry_experience2_20260718.csv, raspberry_experience3_20260718.csv",100,100,36.43754427272966,1.4082566799812382,4.176396777457032,10.0,PASS,PASS,PASS
arm,AES,ECB,192,16384,3,3,"raspberry_experience1_20260718.csv, raspberry_experience2_20260718.csv, raspberry_experience3_20260718.csv",100,100,48.206883858380365,1.4491834345968018,3.5349241191889127,10.0,PASS,PASS,PASS
arm,AES,ECB,256,64,3,3,"raspberry_experience1_20260718.csv, raspberry_experience2_20260718.csv, raspberry_experience3_20260718.csv",100,100,1.489314224180769,0.10486426507157914,7.28889944704838,10.0,PASS,PASS,PASS
arm,AES,ECB,256,256,3,3,"raspberry_experience1_20260718.csv, raspberry_experience2_20260718.csv, raspberry_experience3_20260718.csv",100,100,5.655761815462067,0.3290885030997166,6.002680273314435,10.0,PASS,PASS,PASS
arm,AES,ECB,256,1024,3,3,"raspberry_experience1_20260718.csv, raspberry_experience2_20260718.csv, raspberry_experience3_20260718.csv",100,100,17.90533319955747,0.3966057148153106,2.25609255997047,10.0,PASS,PASS,PASS
arm,AES,ECB,256,4096,3,3,"raspberry_experience1_20260718.csv, raspberry_experience2_20260718.csv, raspberry_experience3_20260718.csv",100,100,36.410029128534006,1.8687217797079076,5.262921188837655,10.0,PASS,PASS,PASS
arm,AES,ECB,256,16384,3,3,"raspberry_experience1_20260718.csv, raspberry_experience2_20260718.csv, raspberry_experience3_20260718.csv",100,100,50.15429676629859,1.1612598116449548,2.5259271108943855,10.0,PASS,PASS,PASS
arm,AES,GCM,128,64,3,3,"raspberry_experience1_20260718.csv, raspberry_experience2_20260718.csv, raspberry_experience3_20260718.csv",100,100,0.15240022088488422,0.08093210773539454,54.31903368895592,10.0,PASS,FAIL,FAIL
arm,AES,GCM,128,256,3,3,"raspberry_experience1_20260718.csv, raspberry_experience2_20260718.csv, raspberry_experience3_20260718.csv",100,100,0.8298327831787103,0.05844947289046735,8.689432755527953,10.0,PASS,PASS,PASS
arm,AES,GCM,128,1024,3,3,"raspberry_experience1_20260718.csv, raspberry_experience2_20260718.csv, raspberry_experience3_20260718.csv",100,100,2.9110916672579528,0.16945679633414693,7.7380824883726875,10.0,PASS,PASS,PASS
arm,AES,GCM,128,4096,3,3,"raspberry_experience1_20260718.csv, raspberry_experience2_20260718.csv, raspberry_experience3_20260718.csv",100,100,8.171353739923624,0.3625262654725859,5.925659186597403,10.0,PASS,PASS,PASS
arm,AES,GCM,128,16384,3,3,"raspberry_experience1_20260718.csv, raspberry_experience2_20260718.csv, raspberry_experience3_20260718.csv",100,100,14.714337542134835,0.4582561827110998,3.995561170956783,10.0,PASS,PASS,PASS
arm,AES,GCM,192,64,3,3,"raspberry_experience1_20260718.csv, raspberry_experience2_20260718.csv, raspberry_experience3_20260718.csv",100,100,0.2188753898119111,0.010116269956276125,5.060653711168343,10.0,PASS,PASS,PASS
arm,AES,GCM,192,256,3,3,"raspberry_experience1_20260718.csv, raspberry_experience2_20260718.csv, raspberry_experience3_20260718.csv",100,100,0.716034387897642,0.10773579507640545,13.696869291402109,10.0,PASS,FAIL,FAIL
arm,AES,GCM,192,1024,3,3,"raspberry_experience1_20260718.csv, raspberry_experience2_20260718.csv, raspberry_experience3_20260718.csv",100,100,2.3356407446627934,0.18237420940456153,7.668114955344284,10.0,PASS,PASS,PASS
arm,AES,GCM,192,4096,3,3,"raspberry_experience1_20260718.csv, raspberry_experience2_20260718.csv, raspberry_experience3_20260718.csv",100,100,7.738711276128434,0.2763081328837056,4.081738501356979,10.0,PASS,PASS,PASS
arm,AES,GCM,192,16384,3,3,"raspberry_experience1_20260718.csv, raspberry_experience2_20260718.csv, raspberry_experience3_20260718.csv",100,100,13.740067686299064,0.39279960657277896,3.1705405086938647,10.0,PASS,PASS,PASS
arm,AES,GCM,256,64,3,3,"raspberry_experience1_20260718.csv, raspberry_experience2_20260718.csv, raspberry_experience3_20260718.csv",100,100,0.22089912227269837,0.008573853241695965,4.633177570680757,10.0,PASS,PASS,PASS
arm,AES,GCM,256,256,3,3,"raspberry_experience1_20260718.csv, raspberry_experience2_20260718.csv, raspberry_experience3_20260718.csv",100,100,0.842748531962279,0.04521660272748615,5.607683541789064,10.0,PASS,PASS,PASS
arm,AES,GCM,256,1024,3,3,"raspberry_experience1_20260718.csv, raspberry_experience2_20260718.csv, raspberry_experience3_20260718.csv",100,100,2.6400951919800817,0.17304913746969217,9.946265216265878,10.0,PASS,PASS,PASS
arm,AES,GCM,256,4096,3,3,"raspberry_experience1_20260718.csv, raspberry_experience2_20260718.csv, raspberry_experience3_20260718.csv",100,100,7.5332569905174305,0.36294334374426435,5.238141529675872,10.0,PASS,PASS,PASS
arm,AES,GCM,256,16384,3,3,"raspberry_experience1_20260718.csv, raspberry_experience2_20260718.csv, raspberry_experience3_20260718.csv",100,100,13.857208659120362,0.4238462480095691,3.9034147812063793,10.0,PASS,PASS,PASS
arm,ChaCha20,Stream,256,64,3,3,"raspberry_experience1_20260718.csv, raspberry_experience2_20260718.csv, raspberry_experience3_20260718.csv",100,100,1.8710351740154616,0.47766195480325074,26.32003280615474,10.0,PASS,FAIL,FAIL
arm,ChaCha20,Stream,256,256,3,3,"raspberry_experience1_20260718.csv, raspberry_experience2_20260718.csv, raspberry_experience3_20260718.csv",100,100,7.468568076470015,1.6136448933715084,23.053379708190146,10.0,PASS,FAIL,FAIL
arm,ChaCha20,Stream,256,1024,3,3,"raspberry_experience1_20260718.csv, raspberry_experience2_20260718.csv, raspberry_experience3_20260718.csv",100,100,24.316771898402113,3.8731909172955006,16.770099936215818,10.0,PASS,FAIL,FAIL
arm,ChaCha20,Stream,256,4096,3,3,"raspberry_experience1_20260718.csv, raspberry_experience2_20260718.csv, raspberry_experience3_20260718.csv",100,100,61.08616019580552,4.032562820274327,6.742613953124748,10.0,PASS,PASS,PASS
arm,ChaCha20,Stream,256,16384,3,3,"raspberry_experience1_20260718.csv, raspberry_experience2_20260718.csv, raspberry_experience3_20260718.csv",100,100,74.6181083713189,3.2527040337308115,4.804476327733636,10.0,PASS,PASS,PASS
arm,DES,CBC,64,64,3,3,"raspberry_experience1_20260718.csv, raspberry_experience2_20260718.csv, raspberry_experience3_20260718.csv",100,100,0.1094828664523952,0.0023229642489938297,2.354874027540476,10.0,PASS,PASS,PASS
arm,DES,CBC,64,256,3,3,"raspberry_experience1_20260718.csv, raspberry_experience2_20260718.csv, raspberry_experience3_20260718.csv",100,100,0.12837917801667867,0.0016427512513377755,1.3851074057113426,10.0,PASS,PASS,PASS
arm,DES,CBC,64,1024,3,3,"raspberry_experience1_20260718.csv, raspberry_experience2_20260718.csv, raspberry_experience3_20260718.csv",100,100,0.13026632060862633,0.001404294105146791,1.1614157164114827,10.0,PASS,PASS,PASS
arm,DES,CBC,64,4096,3,3,"raspberry_experience1_20260718.csv, raspberry_experience2_20260718.csv, raspberry_experience3_20260718.csv",100,100,0.13446874402227008,0.0005406822584029215,0.42687309319607153,10.0,PASS,PASS,PASS
arm,DES,CBC,64,16384,3,3,"raspberry_experience1_20260718.csv, raspberry_experience2_20260718.csv, raspberry_experience3_20260718.csv",100,100,0.13807715089764463,0.0006087779765795671,0.4797402621521416,10.0,PASS,PASS,PASS
arm,DES,CTR,64,64,3,3,"raspberry_experience1_20260718.csv, raspberry_experience2_20260718.csv, raspberry_experience3_20260718.csv",100,100,0.704477057949244,0.02840273041482626,4.356544427758405,10.0,PASS,PASS,PASS
arm,DES,CTR,64,256,3,3,"raspberry_experience1_20260718.csv, raspberry_experience2_20260718.csv, raspberry_experience3_20260718.csv",100,100,1.5788343490791574,0.06492698954829916,4.703772391504748,10.0,PASS,PASS,PASS
arm,DES,CTR,64,1024,3,3,"raspberry_experience1_20260718.csv, raspberry_experience2_20260718.csv, raspberry_experience3_20260718.csv",100,100,2.3269365670652915,0.05370407014023169,2.7450819718194714,10.0,PASS,PASS,PASS
arm,DES,CTR,64,4096,3,3,"raspberry_experience1_20260718.csv, raspberry_experience2_20260718.csv, raspberry_experience3_20260718.csv",100,100,2.8393893741217155,0.04406076951177481,1.7929963117354166,10.0,PASS,PASS,PASS
arm,DES,CTR,64,16384,3,3,"raspberry_experience1_20260718.csv, raspberry_experience2_20260718.csv, raspberry_experience3_20260718.csv",100,100,3.143309424114199,0.0351775822756466,1.2018184272316335,10.0,PASS,PASS,PASS
arm,DES,ECB,64,64,3,3,"raspberry_experience1_20260718.csv, raspberry_experience2_20260718.csv, raspberry_experience3_20260718.csv",100,100,0.8625794681891682,0.15660498599126235,19.900048567518677,10.0,PASS,FAIL,FAIL
arm,DES,ECB,64,256,3,3,"raspberry_experience1_20260718.csv, raspberry_experience2_20260718.csv, raspberry_experience3_20260718.csv",100,100,3.5358748414660734,0.32423585151531414,9.68585374668527,10.0,PASS,PASS,PASS
arm,DES,ECB,64,1024,3,3,"raspberry_experience1_20260718.csv, raspberry_experience2_20260718.csv, raspberry_experience3_20260718.csv",100,100,10.46827849041337,0.5345228947164365,5.382648178478234,10.0,PASS,PASS,PASS
arm,DES,ECB,64,4096,3,3,"raspberry_experience1_20260718.csv, raspberry_experience2_20260718.csv, raspberry_experience3_20260718.csv",100,100,20.75205589187986,0.8430491297813486,4.370996894479671,10.0,PASS,PASS,PASS
arm,DES,ECB,64,16384,3,3,"raspberry_experience1_20260718.csv, raspberry_experience2_20260718.csv, raspberry_experience3_20260718.csv",100,100,23.633593022759168,0.9109410999943219,4.707360858220991,10.0,PASS,PASS,PASS
arm,Twofish,CBC,128,64,3,3,"raspberry_experience1_20260718.csv, raspberry_experience2_20260718.csv, raspberry_experience3_20260718.csv",100,100,0.5829424892138562,0.02029978873758734,3.5707633587968943,10.0,PASS,PASS,PASS
arm,Twofish,CBC,128,256,3,3,"raspberry_experience1_20260718.csv, raspberry_experience2_20260718.csv, raspberry_experience3_20260718.csv",100,100,0.7281400325245105,0.010090070704531716,1.4516498840162357,10.0,PASS,PASS,PASS
arm,Twofish,CBC,128,1024,3,3,"raspberry_experience1_20260718.csv, raspberry_experience2_20260718.csv, raspberry_experience3_20260718.csv",100,100,0.7746148932579886,0.006932465059463918,0.9409632428396847,10.0,PASS,PASS,PASS
arm,Twofish,CBC,128,4096,3,3,"raspberry_experience1_20260718.csv, raspberry_experience2_20260718.csv, raspberry_experience3_20260718.csv",100,100,0.8124949175856226,0.0033132759738976974,0.42002236976930823,10.0,PASS,PASS,PASS
arm,Twofish,CBC,128,16384,3,3,"raspberry_experience1_20260718.csv, raspberry_experience2_20260718.csv, raspberry_experience3_20260718.csv",100,100,0.8296329114757609,0.0016046406262018708,0.19652247002660092,10.0,PASS,PASS,PASS
arm,Twofish,CBC,192,64,3,3,"raspberry_experience1_20260718.csv, raspberry_experience2_20260718.csv, raspberry_experience3_20260718.csv",100,100,0.5716688263410724,0.0215747258103952,4.010162906686771,10.0,PASS,PASS,PASS
arm,Twofish,CBC,192,256,3,3,"raspberry_experience1_20260718.csv, raspberry_experience2_20260718.csv, raspberry_experience3_20260718.csv",100,100,0.7212213209688594,0.010563608157561128,1.5451134165086804,10.0,PASS,PASS,PASS
arm,Twofish,CBC,192,1024,3,3,"raspberry_experience1_20260718.csv, raspberry_experience2_20260718.csv, raspberry_experience3_20260718.csv",100,100,0.7617944887785502,0.005482215377920423,0.7521146373259352,10.0,PASS,PASS,PASS
arm,Twofish,CBC,192,4096,3,3,"raspberry_experience1_20260718.csv, raspberry_experience2_20260718.csv, raspberry_experience3_20260718.csv",100,100,0.8108139554999436,0.0029340104274443203,0.3722371188875269,10.0,PASS,PASS,PASS
arm,Twofish,CBC,192,16384,3,3,"raspberry_experience1_20260718.csv, raspberry_experience2_20260718.csv, raspberry_experience3_20260718.csv",100,100,0.8283152800914758,0.0015707275570475902,0.19205466304860028,10.0,PASS,PASS,PASS
arm,Twofish,CBC,256,64,3,3,"raspberry_experience1_20260718.csv, raspberry_experience2_20260718.csv, raspberry_experience3_20260718.csv",100,100,0.5778402461835447,0.014261249284146025,2.5458346746593254,10.0,PASS,PASS,PASS
arm,Twofish,CBC,256,256,3,3,"raspberry_experience1_20260718.csv, raspberry_experience2_20260718.csv, raspberry_experience3_20260718.csv",100,100,0.718809725768789,0.011533965190379011,1.637734104795886,10.0,PASS,PASS,PASS
arm,Twofish,CBC,256,1024,3,3,"raspberry_experience1_20260718.csv, raspberry_experience2_20260718.csv, raspberry_experience3_20260718.csv",100,100,0.7675336424133334,0.006716049251331357,0.9030380000729338,10.0,PASS,PASS,PASS
arm,Twofish,CBC,256,4096,3,3,"raspberry_experience1_20260718.csv, raspberry_experience2_20260718.csv, raspberry_experience3_20260718.csv",100,100,0.8067100945361315,0.003527006243285198,0.44703467900926636,10.0,PASS,PASS,PASS
arm,Twofish,CBC,256,16384,3,3,"raspberry_experience1_20260718.csv, raspberry_experience2_20260718.csv, raspberry_experience3_20260718.csv",100,100,0.813746339295271,0.0059014150119716694,0.7667055170697757,10.0,PASS,PASS,PASS
arm,Twofish,CTR,128,64,3,3,"raspberry_experience1_20260718.csv, raspberry_experience2_20260718.csv, raspberry_experience3_20260718.csv",100,100,0.7498814258162115,0.04456884942713393,6.4284620657685005,10.0,PASS,PASS,PASS
arm,Twofish,CTR,128,256,3,3,"raspberry_experience1_20260718.csv, raspberry_experience2_20260718.csv, raspberry_experience3_20260718.csv",100,100,0.878250510690865,0.018790646434687752,2.324952688939931,10.0,PASS,PASS,PASS
arm,Twofish,CTR,128,1024,3,3,"raspberry_experience1_20260718.csv, raspberry_experience2_20260718.csv, raspberry_experience3_20260718.csv",100,100,0.895297229954843,0.012557508914837997,1.5173927455732603,10.0,PASS,PASS,PASS
arm,Twofish,CTR,128,4096,3,3,"raspberry_experience1_20260718.csv, raspberry_experience2_20260718.csv, raspberry_experience3_20260718.csv",100,100,0.9912515817075261,0.006371839668056261,0.6765937621985323,10.0,PASS,PASS,PASS
arm,Twofish,CTR,128,16384,3,3,"raspberry_experience1_20260718.csv, raspberry_experience2_20260718.csv, raspberry_experience3_20260718.csv",100,100,1.019263721637443,0.005534174135188756,0.5376906981299269,10.0,PASS,PASS,PASS
arm,Twofish,CTR,192,64,3,3,"raspberry_experience1_20260718.csv, raspberry_experience2_20260718.csv, raspberry_experience3_20260718.csv",100,100,0.7838484031409307,0.0279791376110617,3.7007892447081283,10.0,PASS,PASS,PASS
arm,Twofish,CTR,192,256,3,3,"raspberry_experience1_20260718.csv, raspberry_experience2_20260718.csv, raspberry_experience3_20260718.csv",100,100,0.8809870473606155,0.02056111990219531,2.5525064824530603,10.0,PASS,PASS,PASS
arm,Twofish,CTR,192,1024,3,3,"raspberry_experience1_20260718.csv, raspberry_experience2_20260718.csv, raspberry_experience3_20260718.csv",100,100,0.9058515606477155,0.013379458836929538,1.618191630381119,10.0,PASS,PASS,PASS
arm,Twofish,CTR,192,4096,3,3,"raspberry_experience1_20260718.csv, raspberry_experience2_20260718.csv, raspberry_experience3_20260718.csv",100,100,0.9824440788214784,0.008625199645813602,0.9268119002498043,10.0,PASS,PASS,PASS
arm,Twofish,CTR,192,16384,3,3,"raspberry_experience1_20260718.csv, raspberry_experience2_20260718.csv, raspberry_experience3_20260718.csv",100,100,1.0239702144741736,0.004487462524692648,0.45041129644843697,10.0,PASS,PASS,PASS
arm,Twofish,CTR,256,64,3,3,"raspberry_experience1_20260718.csv, raspberry_experience2_20260718.csv, raspberry_experience3_20260718.csv",100,100,0.7581090163682239,0.03446964377099417,4.777932980428746,10.0,PASS,PASS,PASS
arm,Twofish,CTR,256,256,3,3,"raspberry_experience1_20260718.csv, raspberry_experience2_20260718.csv, raspberry_experience3_20260718.csv",100,100,0.8603703055360706,0.019042612880927626,2.418596043248227,10.0,PASS,PASS,PASS
arm,Twofish,CTR,256,1024,3,3,"raspberry_experience1_20260718.csv, raspberry_experience2_20260718.csv, raspberry_experience3_20260718.csv",100,100,0.8906110243658686,0.012709024164096328,1.5875457060506946,10.0,PASS,PASS,PASS
arm,Twofish,CTR,256,4096,3,3,"raspberry_experience1_20260718.csv, raspberry_experience2_20260718.csv, raspberry_experience3_20260718.csv",100,100,0.9786846290445094,0.009902480477341167,1.0767265546557927,10.0,PASS,PASS,PASS
arm,Twofish,CTR,256,16384,3,3,"raspberry_experience1_20260718.csv, raspberry_experience2_20260718.csv, raspberry_experience3_20260718.csv",100,100,1.0270459863273451,0.0038513343993043067,0.38520704051006294,10.0,PASS,PASS,PASS
arm,Twofish,ECB,128,64,3,3,"raspberry_experience1_20260718.csv, raspberry_experience2_20260718.csv, raspberry_experience3_20260718.csv",100,100,0.8727771212009711,0.05801891517429022,6.926136802334901,10.0,PASS,PASS,PASS
arm,Twofish,ECB,128,256,3,3,"raspberry_experience1_20260718.csv, raspberry_experience2_20260718.csv, raspberry_experience3_20260718.csv",100,100,1.1740892903092126,0.023920886342152222,2.1628248164936115,10.0,PASS,PASS,PASS
arm,Twofish,ECB,128,1024,3,3,"raspberry_experience1_20260718.csv, raspberry_experience2_20260718.csv, raspberry_experience3_20260718.csv",100,100,1.2331481914886833,0.013348834331066567,1.1370331220515404,10.0,PASS,PASS,PASS
arm,Twofish,ECB,128,4096,3,3,"raspberry_experience1_20260718.csv, raspberry_experience2_20260718.csv, raspberry_experience3_20260718.csv",100,100,1.3106525966205487,0.008251284957602833,0.6415699482748298,10.0,PASS,PASS,PASS
arm,Twofish,ECB,128,16384,3,3,"raspberry_experience1_20260718.csv, raspberry_experience2_20260718.csv, raspberry_experience3_20260718.csv",100,100,1.338302163456109,0.0035671709316369015,0.2709674039392967,10.0,PASS,PASS,PASS
arm,Twofish,ECB,192,64,3,3,"raspberry_experience1_20260718.csv, raspberry_experience2_20260718.csv, raspberry_experience3_20260718.csv",100,100,0.917830795361855,0.038030963329779816,4.277774995353098,10.0,PASS,PASS,PASS
arm,Twofish,ECB,192,256,3,3,"raspberry_experience1_20260718.csv, raspberry_experience2_20260718.csv, raspberry_experience3_20260718.csv",100,100,1.1453632898022084,0.043370562288084606,4.236461939695937,10.0,PASS,PASS,PASS
arm,Twofish,ECB,192,1024,3,3,"raspberry_experience1_20260718.csv, raspberry_experience2_20260718.csv, raspberry_experience3_20260718.csv",100,100,1.198416548404069,0.026612685013073987,2.495888884202956,10.0,PASS,PASS,PASS
arm,Twofish,ECB,192,4096,3,3,"raspberry_experience1_20260718.csv, raspberry_experience2_20260718.csv, raspberry_experience3_20260718.csv",100,100,1.2877870668208249,0.00931711741347482,0.7469599383342217,10.0,PASS,PASS,PASS
arm,Twofish,ECB,192,16384,3,3,"raspberry_experience1_20260718.csv, raspberry_experience2_20260718.csv, raspberry_experience3_20260718.csv",100,100,1.2500513705582277,0.032168281208699086,3.2414373023251026,10.0,PASS,PASS,PASS
arm,Twofish,ECB,256,64,3,3,"raspberry_experience1_20260718.csv, raspberry_experience2_20260718.csv, raspberry_experience3_20260718.csv",100,100,0.935616243344546,0.0394736473148675,4.3374840573871785,10.0,PASS,PASS,PASS
arm,Twofish,ECB,256,256,3,3,"raspberry_experience1_20260718.csv, raspberry_experience2_20260718.csv, raspberry_experience3_20260718.csv",100,100,1.220532733854427,0.01929505926936533,1.6280957267140732,10.0,PASS,PASS,PASS
arm,Twofish,ECB,256,1024,3,3,"raspberry_experience1_20260718.csv, raspberry_experience2_20260718.csv, raspberry_experience3_20260718.csv",100,100,1.2568442063666816,0.011556573471610617,0.9653420119145428,10.0,PASS,PASS,PASS
arm,Twofish,ECB,256,4096,3,3,"raspberry_experience1_20260718.csv, raspberry_experience2_20260718.csv, raspberry_experience3_20260718.csv",100,100,1.3193440049525431,0.005833254076484788,0.4536459308524645,10.0,PASS,PASS,PASS
arm,Twofish,ECB,256,16384,3,3,"raspberry_experience1_20260718.csv, raspberry_experience2_20260718.csv, raspberry_experience3_20260718.csv",100,100,1.355246895379538,0.004578379309153107,0.3468396383677044,10.0,PASS,PASS,PASS
x86,3DES,CBC,128,64,4,4,"windows_experience1_20260718.csv, windows_experience2_20260718.csv, windows_experience3_20260718.csv, windows_experience4_20260723.csv",100,100,0.737664556889757,0.062182784644561985,8.739756201043768,10.0,PASS,PASS,PASS
x86,3DES,CBC,128,256,4,4,"windows_experience1_20260718.csv, windows_experience2_20260718.csv, windows_experience3_20260718.csv, windows_experience4_20260723.csv",100,100,0.8035301745693175,0.055215165139866434,6.933293161976017,10.0,PASS,PASS,PASS
x86,3DES,CBC,128,1024,4,4,"windows_experience1_20260718.csv, windows_experience2_20260718.csv, windows_experience3_20260718.csv, windows_experience4_20260723.csv",100,100,0.823234385309312,0.045992923316284434,5.659148124874634,10.0,PASS,PASS,PASS
x86,3DES,CBC,128,4096,4,4,"windows_experience1_20260718.csv, windows_experience2_20260718.csv, windows_experience3_20260718.csv, windows_experience4_20260723.csv",100,100,0.8728403806733462,0.027565109777406376,3.197305183990774,10.0,PASS,PASS,PASS
x86,3DES,CBC,128,16384,4,4,"windows_experience1_20260718.csv, windows_experience2_20260718.csv, windows_experience3_20260718.csv, windows_experience4_20260723.csv",100,100,0.8819113745581898,0.014034656964172089,1.6338742731523754,10.0,PASS,PASS,PASS
x86,3DES,CBC,192,64,4,4,"windows_experience1_20260718.csv, windows_experience2_20260718.csv, windows_experience3_20260718.csv, windows_experience4_20260723.csv",100,100,0.7258548401084404,0.04360136296121058,6.555810499517352,10.0,PASS,PASS,PASS
x86,3DES,CBC,192,256,4,4,"windows_experience1_20260718.csv, windows_experience2_20260718.csv, windows_experience3_20260718.csv, windows_experience4_20260723.csv",100,100,0.7390459541197125,0.055497203219467675,7.516223033994685,10.0,PASS,PASS,PASS
x86,3DES,CBC,192,1024,4,4,"windows_experience1_20260718.csv, windows_experience2_20260718.csv, windows_experience3_20260718.csv, windows_experience4_20260723.csv",100,100,0.862847574987581,0.040559042030091565,4.843955050341701,10.0,PASS,PASS,PASS
x86,3DES,CBC,192,4096,4,4,"windows_experience1_20260718.csv, windows_experience2_20260718.csv, windows_experience3_20260718.csv, windows_experience4_20260723.csv",100,100,0.8760164741621129,0.023952582446913114,2.8632795838813134,10.0,PASS,PASS,PASS
x86,3DES,CBC,192,16384,4,4,"windows_experience1_20260718.csv, windows_experience2_20260718.csv, windows_experience3_20260718.csv, windows_experience4_20260723.csv",100,100,0.8518220481177258,0.014791524066281952,1.8931842674098451,10.0,PASS,PASS,PASS
x86,3DES,CTR,128,64,4,4,"windows_experience1_20260718.csv, windows_experience2_20260718.csv, windows_experience3_20260718.csv, windows_experience4_20260723.csv",100,100,0.6751999880168262,0.040805188969120235,6.769615496703275,10.0,PASS,PASS,PASS
x86,3DES,CTR,128,256,4,4,"windows_experience1_20260718.csv, windows_experience2_20260718.csv, windows_experience3_20260718.csv, windows_experience4_20260723.csv",100,100,1.6739515253571797,0.11572024147176216,7.0335664982928785,10.0,PASS,PASS,PASS
x86,3DES,CTR,128,1024,4,4,"windows_experience1_20260718.csv, windows_experience2_20260718.csv, windows_experience3_20260718.csv, windows_experience4_20260723.csv",100,100,2.6250234596303583,0.18050670747511077,6.875219215862064,10.0,PASS,PASS,PASS
x86,3DES,CTR,128,4096,4,4,"windows_experience1_20260718.csv, windows_experience2_20260718.csv, windows_experience3_20260718.csv, windows_experience4_20260723.csv",100,100,3.226052671656765,0.15106974926439912,4.900010447368735,10.0,PASS,PASS,PASS
x86,3DES,CTR,128,16384,4,4,"windows_experience1_20260718.csv, windows_experience2_20260718.csv, windows_experience3_20260718.csv, windows_experience4_20260723.csv",100,100,3.6381115151457966,0.08083033478443738,2.2696640620275876,10.0,PASS,PASS,PASS
x86,3DES,CTR,192,64,4,4,"windows_experience1_20260718.csv, windows_experience2_20260718.csv, windows_experience3_20260718.csv, windows_experience4_20260723.csv",100,100,0.5532758922621239,0.042565826472641365,8.142233008586693,10.0,PASS,PASS,PASS
x86,3DES,CTR,192,256,4,4,"windows_experience1_20260718.csv, windows_experience2_20260718.csv, windows_experience3_20260718.csv, windows_experience4_20260723.csv",100,100,1.502679526151986,0.09119162817012172,6.334053660333957,10.0,PASS,PASS,PASS
x86,3DES,CTR,192,1024,4,4,"windows_experience1_20260718.csv, windows_experience2_20260718.csv, windows_experience3_20260718.csv, windows_experience4_20260723.csv",100,100,2.573169650586674,0.14696887302716508,5.828092470372661,10.0,PASS,PASS,PASS
x86,3DES,CTR,192,4096,4,4,"windows_experience1_20260718.csv, windows_experience2_20260718.csv, windows_experience3_20260718.csv, windows_experience4_20260723.csv",100,100,3.245749239759875,0.12081955478380918,3.863534219762845,10.0,PASS,PASS,PASS
x86,3DES,CTR,192,16384,4,4,"windows_experience1_20260718.csv, windows_experience2_20260718.csv, windows_experience3_20260718.csv, windows_experience4_20260723.csv",100,100,3.518113130678845,0.08532125047373619,2.4516148072271724,10.0,PASS,PASS,PASS
x86,3DES,ECB,128,64,4,4,"windows_experience1_20260718.csv, windows_experience2_20260718.csv, windows_experience3_20260718.csv, windows_experience4_20260723.csv",100,100,0.8075083666570373,0.08219480574851691,10.126424253828908,10.0,PASS,FAIL,FAIL
x86,3DES,ECB,128,256,4,4,"windows_experience1_20260718.csv, windows_experience2_20260718.csv, windows_experience3_20260718.csv, windows_experience4_20260723.csv",100,100,2.7971766945072325,0.22020450975112343,7.942880101862416,10.0,PASS,PASS,PASS
x86,3DES,ECB,128,1024,4,4,"windows_experience1_20260718.csv, windows_experience2_20260718.csv, windows_experience3_20260718.csv, windows_experience4_20260723.csv",100,100,7.071809342108404,0.3746837806589821,5.510309994613823,10.0,PASS,PASS,PASS
x86,3DES,ECB,128,4096,4,4,"windows_experience1_20260718.csv, windows_experience2_20260718.csv, windows_experience3_20260718.csv, windows_experience4_20260723.csv",100,100,10.615998970936023,0.48891075312865784,4.670152651912684,10.0,PASS,PASS,PASS
x86,3DES,ECB,128,16384,4,4,"windows_experience1_20260718.csv, windows_experience2_20260718.csv, windows_experience3_20260718.csv, windows_experience4_20260723.csv",100,100,12.464813660445767,0.3687629133446624,2.9788594311512684,10.0,PASS,PASS,PASS
x86,3DES,ECB,192,64,4,4,"windows_experience1_20260718.csv, windows_experience2_20260718.csv, windows_experience3_20260718.csv, windows_experience4_20260723.csv",100,100,0.6347669291690808,0.06503612902978732,10.590534988046315,10.0,PASS,FAIL,FAIL
x86,3DES,ECB,192,256,4,4,"windows_experience1_20260718.csv, windows_experience2_20260718.csv, windows_experience3_20260718.csv, windows_experience4_20260723.csv",100,100,1.749759124062151,0.3119106809826556,36.119491822375565,10.0,PASS,FAIL,FAIL
x86,3DES,ECB,192,1024,4,4,"windows_experience1_20260718.csv, windows_experience2_20260718.csv, windows_experience3_20260718.csv, windows_experience4_20260723.csv",100,100,5.598573622068131,0.3313903907871756,6.361740843277394,10.0,PASS,PASS,PASS
x86,3DES,ECB,192,4096,4,4,"windows_experience1_20260718.csv, windows_experience2_20260718.csv, windows_experience3_20260718.csv, windows_experience4_20260723.csv",100,100,8.806012107951576,0.49216478972612726,6.32538131417409,10.0,PASS,PASS,PASS
x86,3DES,ECB,192,16384,4,4,"windows_experience1_20260718.csv, windows_experience2_20260718.csv, windows_experience3_20260718.csv, windows_experience4_20260723.csv",100,100,12.194833256994016,0.33763838916096695,2.8864689624212705,10.0,PASS,PASS,PASS
x86,AES,CBC,128,64,4,4,"windows_experience1_20260718.csv, windows_experience2_20260718.csv, windows_experience3_20260718.csv, windows_experience4_20260723.csv",100,100,0.4218206368215101,0.034883805031346526,8.404013251354499,10.0,PASS,PASS,PASS
x86,AES,CBC,128,256,4,4,"windows_experience1_20260718.csv, windows_experience2_20260718.csv, windows_experience3_20260718.csv, windows_experience4_20260723.csv",100,100,0.5895165348589659,0.03629626264489769,6.425562617783306,10.0,PASS,PASS,PASS
x86,AES,CBC,128,1024,4,4,"windows_experience1_20260718.csv, windows_experience2_20260718.csv, windows_experience3_20260718.csv, windows_experience4_20260723.csv",100,100,0.6304180861828033,0.026815518014749677,4.347038474959895,10.0,PASS,PASS,PASS
x86,AES,CBC,128,4096,4,4,"windows_experience1_20260718.csv, windows_experience2_20260718.csv, windows_experience3_20260718.csv, windows_experience4_20260723.csv",100,100,0.630843241425796,0.015015111645992533,2.4680410346564456,10.0,PASS,PASS,PASS
x86,AES,CBC,128,16384,4,4,"windows_experience1_20260718.csv, windows_experience2_20260718.csv, windows_experience3_20260718.csv, windows_experience4_20260723.csv",100,100,0.640235185651059,0.009277803546364732,1.5398948154055787,10.0,PASS,PASS,PASS
x86,AES,CBC,192,64,4,4,"windows_experience1_20260718.csv, windows_experience2_20260718.csv, windows_experience3_20260718.csv, windows_experience4_20260723.csv",100,100,0.4428946158221019,0.03237675174302779,8.057984134725848,10.0,PASS,PASS,PASS
x86,AES,CBC,192,256,4,4,"windows_experience1_20260718.csv, windows_experience2_20260718.csv, windows_experience3_20260718.csv, windows_experience4_20260723.csv",100,100,0.5618182724490441,0.03695165638540608,7.043093573877058,10.0,PASS,PASS,PASS
x86,AES,CBC,192,1024,4,4,"windows_experience1_20260718.csv, windows_experience2_20260718.csv, windows_experience3_20260718.csv, windows_experience4_20260723.csv",100,100,0.6296498408711831,0.025146276078492742,4.175581576862314,10.0,PASS,PASS,PASS
x86,AES,CBC,192,4096,4,4,"windows_experience1_20260718.csv, windows_experience2_20260718.csv, windows_experience3_20260718.csv, windows_experience4_20260723.csv",100,100,0.6251418085011973,0.014074575291589342,2.7610902099764756,10.0,PASS,PASS,PASS
x86,AES,CBC,192,16384,4,4,"windows_experience1_20260718.csv, windows_experience2_20260718.csv, windows_experience3_20260718.csv, windows_experience4_20260723.csv",100,100,0.5553960209685573,0.01860454907350595,4.067121786521326,10.0,PASS,PASS,PASS
x86,AES,CBC,256,64,4,4,"windows_experience1_20260718.csv, windows_experience2_20260718.csv, windows_experience3_20260718.csv, windows_experience4_20260723.csv",100,100,0.4052108513290581,0.026870116615827926,10.03822042820426,10.0,PASS,FAIL,FAIL
x86,AES,CBC,256,256,4,4,"windows_experience1_20260718.csv, windows_experience2_20260718.csv, windows_experience3_20260718.csv, windows_experience4_20260723.csv",100,100,0.46869861881279656,0.03739046654340756,11.912681197911677,10.0,PASS,FAIL,FAIL
x86,AES,CBC,256,1024,4,4,"windows_experience1_20260718.csv, windows_experience2_20260718.csv, windows_experience3_20260718.csv, windows_experience4_20260723.csv",100,100,0.543734335819484,0.021276294932097893,5.2893681281590945,10.0,PASS,PASS,PASS
x86,AES,CBC,256,4096,4,4,"windows_experience1_20260718.csv, windows_experience2_20260718.csv, windows_experience3_20260718.csv, windows_experience4_20260723.csv",100,100,0.5703254622850168,0.011220904047592585,3.394078468970804,10.0,PASS,PASS,PASS
x86,AES,CBC,256,16384,4,4,"windows_experience1_20260718.csv, windows_experience2_20260718.csv, windows_experience3_20260718.csv, windows_experience4_20260723.csv",100,100,0.5694404099085351,0.011664501104535981,3.1855047848278253,10.0,PASS,PASS,PASS
x86,AES,CTR,128,64,4,4,"windows_experience1_20260718.csv, windows_experience2_20260718.csv, windows_experience3_20260718.csv, windows_experience4_20260723.csv",100,100,1.556124179069966,0.1783684276585171,12.675481836327064,10.0,PASS,FAIL,FAIL
x86,AES,CTR,128,256,4,4,"windows_experience1_20260718.csv, windows_experience2_20260718.csv, windows_experience3_20260718.csv, windows_experience4_20260723.csv",100,100,3.1610555530068627,0.23949949175190924,8.069511018852074,10.0,PASS,PASS,PASS
x86,AES,CTR,128,1024,4,4,"windows_experience1_20260718.csv, windows_experience2_20260718.csv, windows_experience3_20260718.csv, windows_experience4_20260723.csv",100,100,4.400288901584401,0.36742381896739795,8.676216003457393,10.0,PASS,PASS,PASS
x86,AES,CTR,128,4096,4,4,"windows_experience1_20260718.csv, windows_experience2_20260718.csv, windows_experience3_20260718.csv, windows_experience4_20260723.csv",100,100,4.722181899106969,0.35048406702874996,9.304224147728732,10.0,PASS,PASS,PASS
x86,AES,CTR,128,16384,4,4,"windows_experience1_20260718.csv, windows_experience2_20260718.csv, windows_experience3_20260718.csv, windows_experience4_20260723.csv",100,100,5.3218712777107955,0.1834530392551924,4.231688491393263,10.0,PASS,PASS,PASS
x86,AES,CTR,192,64,4,4,"windows_experience1_20260718.csv, windows_experience2_20260718.csv, windows_experience3_20260718.csv, windows_experience4_20260723.csv",100,100,1.7224054608159518,0.10214991342544852,6.141944450330492,10.0,PASS,PASS,PASS
x86,AES,CTR,192,256,4,4,"windows_experience1_20260718.csv, windows_experience2_20260718.csv, windows_experience3_20260718.csv, windows_experience4_20260723.csv",100,100,3.2553115309888785,0.2147428242467714,6.890320659472601,10.0,PASS,PASS,PASS
x86,AES,CTR,192,1024,4,4,"windows_experience1_20260718.csv, windows_experience2_20260718.csv, windows_experience3_20260718.csv, windows_experience4_20260723.csv",100,100,4.890330574157353,0.27206094968690697,5.858512522918781,10.0,PASS,PASS,PASS
x86,AES,CTR,192,4096,4,4,"windows_experience1_20260718.csv, windows_experience2_20260718.csv, windows_experience3_20260718.csv, windows_experience4_20260723.csv",100,100,5.387079002310912,0.29654599956131616,5.683570946408406,10.0,PASS,PASS,PASS
x86,AES,CTR,192,16384,4,4,"windows_experience1_20260718.csv, windows_experience2_20260718.csv, windows_experience3_20260718.csv, windows_experience4_20260723.csv",100,100,5.9325526557207064,0.16690620248058313,2.9702032203308306,10.0,PASS,PASS,PASS
x86,AES,CTR,256,64,4,4,"windows_experience1_20260718.csv, windows_experience2_20260718.csv, windows_experience3_20260718.csv, windows_experience4_20260723.csv",100,100,1.503087129347331,0.12052589896750877,8.461449178094218,10.0,PASS,PASS,PASS
x86,AES,CTR,256,256,4,4,"windows_experience1_20260718.csv, windows_experience2_20260718.csv, windows_experience3_20260718.csv, windows_experience4_20260723.csv",100,100,3.2664088024128084,0.2315246492493624,8.663881842154144,10.0,PASS,PASS,PASS
x86,AES,CTR,256,1024,4,4,"windows_experience1_20260718.csv, windows_experience2_20260718.csv, windows_experience3_20260718.csv, windows_experience4_20260723.csv",100,100,4.355174896557305,0.337410745170274,8.333170726888229,10.0,PASS,PASS,PASS
x86,AES,CTR,256,4096,4,4,"windows_experience1_20260718.csv, windows_experience2_20260718.csv, windows_experience3_20260718.csv, windows_experience4_20260723.csv",100,100,4.7833548959592935,0.26544945094069883,6.047569954499938,10.0,PASS,PASS,PASS
x86,AES,CTR,256,16384,4,4,"windows_experience1_20260718.csv, windows_experience2_20260718.csv, windows_experience3_20260718.csv, windows_experience4_20260723.csv",100,100,5.725649372834582,0.202417420833821,3.649886203228709,10.0,PASS,PASS,PASS
x86,AES,ECB,128,64,4,4,"windows_experience1_20260718.csv, windows_experience2_20260718.csv, windows_experience3_20260718.csv, windows_experience4_20260723.csv",100,100,1.2014392180660993,1.282742639820778,106.40483805807452,10.0,PASS,FAIL,FAIL
x86,AES,ECB,128,256,4,4,"windows_experience1_20260718.csv, windows_experience2_20260718.csv, windows_experience3_20260718.csv, windows_experience4_20260723.csv",100,100,8.900750964557576,1.2693735974382574,14.525096421242932,10.0,PASS,FAIL,FAIL
x86,AES,ECB,128,1024,4,4,"windows_experience1_20260718.csv, windows_experience2_20260718.csv, windows_experience3_20260718.csv, windows_experience4_20260723.csv",100,100,31.450122009042385,3.5749211426373124,11.355627614818538,10.0,PASS,FAIL,FAIL
x86,AES,ECB,128,4096,4,4,"windows_experience1_20260718.csv, windows_experience2_20260718.csv, windows_experience3_20260718.csv, windows_experience4_20260723.csv",100,100,114.86162923507091,14.426148134973316,12.843918416953757,10.0,PASS,FAIL,FAIL
x86,AES,ECB,128,16384,4,4,"windows_experience1_20260718.csv, windows_experience2_20260718.csv, windows_experience3_20260718.csv, windows_experience4_20260723.csv",100,100,303.03321068387646,30.86209398270951,10.538878479770343,10.0,PASS,FAIL,FAIL
x86,AES,ECB,192,64,4,4,"windows_experience1_20260718.csv, windows_experience2_20260718.csv, windows_experience3_20260718.csv, windows_experience4_20260723.csv",100,100,2.7433293194745585,0.1966353997524937,8.325059269637066,10.0,PASS,PASS,PASS
x86,AES,ECB,192,256,4,4,"windows_experience1_20260718.csv, windows_experience2_20260718.csv, windows_experience3_20260718.csv, windows_experience4_20260723.csv",100,100,10.070356928785007,0.9882886237144201,10.911985794773006,10.0,PASS,FAIL,FAIL
x86,AES,ECB,192,1024,4,4,"windows_experience1_20260718.csv, windows_experience2_20260718.csv, windows_experience3_20260718.csv, windows_experience4_20260723.csv",100,100,39.50449121717131,3.9040691942843635,10.81737463935361,10.0,PASS,FAIL,FAIL
x86,AES,ECB,192,4096,4,4,"windows_experience1_20260718.csv, windows_experience2_20260718.csv, windows_experience3_20260718.csv, windows_experience4_20260723.csv",100,100,136.39715512009036,10.407637887283116,7.704931876043609,10.0,PASS,PASS,PASS
x86,AES,ECB,192,16384,4,4,"windows_experience1_20260718.csv, windows_experience2_20260718.csv, windows_experience3_20260718.csv, windows_experience4_20260723.csv",100,100,330.743696440407,24.81883060185479,7.8435229466989895,10.0,PASS,PASS,PASS
x86,AES,ECB,256,64,4,4,"windows_experience1_20260718.csv, windows_experience2_20260718.csv, windows_experience3_20260718.csv, windows_experience4_20260723.csv",100,100,2.280412542862357,0.19519198383802455,9.621805767822774,10.0,PASS,PASS,PASS
x86,AES,ECB,256,256,4,4,"windows_experience1_20260718.csv, windows_experience2_20260718.csv, windows_experience3_20260718.csv, windows_experience4_20260723.csv",100,100,11.031498183256307,1.2628459817387296,11.679829822708848,10.0,PASS,FAIL,FAIL
x86,AES,ECB,256,1024,4,4,"windows_experience1_20260718.csv, windows_experience2_20260718.csv, windows_experience3_20260718.csv, windows_experience4_20260723.csv",100,100,30.042611830760823,3.693647473755277,12.410302767477372,10.0,PASS,FAIL,FAIL
x86,AES,ECB,256,4096,4,4,"windows_experience1_20260718.csv, windows_experience2_20260718.csv, windows_experience3_20260718.csv, windows_experience4_20260723.csv",100,100,130.42203648617186,13.03600506510974,10.52114904874522,10.0,PASS,FAIL,FAIL
x86,AES,ECB,256,16384,4,4,"windows_experience1_20260718.csv, windows_experience2_20260718.csv, windows_experience3_20260718.csv, windows_experience4_20260723.csv",100,100,333.81858701588294,20.818707690243816,6.909266511118785,10.0,PASS,PASS,PASS
x86,AES,GCM,128,64,4,4,"windows_experience1_20260718.csv, windows_experience2_20260718.csv, windows_experience3_20260718.csv, windows_experience4_20260723.csv",100,100,0.19644324422413223,0.19976460349648556,101.58067668496793,10.0,PASS,FAIL,FAIL
x86,AES,GCM,128,256,4,4,"windows_experience1_20260718.csv, windows_experience2_20260718.csv, windows_experience3_20260718.csv, windows_experience4_20260723.csv",100,100,1.6691514872176056,0.1159151075455588,7.58244698915584,10.0,PASS,PASS,PASS
x86,AES,GCM,128,1024,4,4,"windows_experience1_20260718.csv, windows_experience2_20260718.csv, windows_experience3_20260718.csv, windows_experience4_20260723.csv",100,100,6.280174220370947,0.5357594172168989,9.09368708478888,10.0,PASS,PASS,PASS
x86,AES,GCM,128,4096,4,4,"windows_experience1_20260718.csv, windows_experience2_20260718.csv, windows_experience3_20260718.csv, windows_experience4_20260723.csv",100,100,25.19817186101961,1.694166243049519,6.973349896093536,10.0,PASS,PASS,PASS
x86,AES,GCM,128,16384,4,4,"windows_experience1_20260718.csv, windows_experience2_20260718.csv, windows_experience3_20260718.csv, windows_experience4_20260723.csv",100,100,82.28347587118492,6.462512499772231,8.169945381313244,10.0,PASS,PASS,PASS
x86,AES,GCM,192,64,4,4,"windows_experience1_20260718.csv, windows_experience2_20260718.csv, windows_experience3_20260718.csv, windows_experience4_20260723.csv",100,100,0.4055089920893001,0.04582397610874605,12.081417429303446,10.0,PASS,FAIL,FAIL
x86,AES,GCM,192,256,4,4,"windows_experience1_20260718.csv, windows_experience2_20260718.csv, windows_experience3_20260718.csv, windows_experience4_20260723.csv",100,100,1.8259596805697242,0.11585866027389283,6.713642148662684,10.0,PASS,PASS,PASS
x86,AES,GCM,192,1024,4,4,"windows_experience1_20260718.csv, windows_experience2_20260718.csv, windows_experience3_20260718.csv, windows_experience4_20260723.csv",100,100,6.531204194346051,0.5209971658661199,8.463302092631334,10.0,PASS,PASS,PASS
x86,AES,GCM,192,4096,4,4,"windows_experience1_20260718.csv, windows_experience2_20260718.csv, windows_experience3_20260718.csv, windows_experience4_20260723.csv",100,100,22.998362243859216,2.3964143496458323,11.9859443603887,10.0,PASS,FAIL,FAIL
x86,AES,GCM,192,16384,4,4,"windows_experience1_20260718.csv, windows_experience2_20260718.csv, windows_experience3_20260718.csv, windows_experience4_20260723.csv",100,100,81.89300293402086,7.263931123531021,9.610231171552995,10.0,PASS,PASS,PASS
x86,AES,GCM,256,64,4,4,"windows_experience1_20260718.csv, windows_experience2_20260718.csv, windows_experience3_20260718.csv, windows_experience4_20260723.csv",100,100,0.3770175204716236,0.031056419831180113,10.361729351010952,10.0,PASS,FAIL,FAIL
x86,AES,GCM,256,256,4,4,"windows_experience1_20260718.csv, windows_experience2_20260718.csv, windows_experience3_20260718.csv, windows_experience4_20260723.csv",100,100,1.5126242684821034,0.10459231290244712,8.35133584529926,10.0,PASS,PASS,PASS
x86,AES,GCM,256,1024,4,4,"windows_experience1_20260718.csv, windows_experience2_20260718.csv, windows_experience3_20260718.csv, windows_experience4_20260723.csv",100,100,6.788894729756974,0.4994883584450074,7.6894054318586385,10.0,PASS,PASS,PASS
x86,AES,GCM,256,4096,4,4,"windows_experience1_20260718.csv, windows_experience2_20260718.csv, windows_experience3_20260718.csv, windows_experience4_20260723.csv",100,100,25.392637977001762,1.4961565580946405,6.293039536005761,10.0,PASS,PASS,PASS
x86,AES,GCM,256,16384,4,4,"windows_experience1_20260718.csv, windows_experience2_20260718.csv, windows_experience3_20260718.csv, windows_experience4_20260723.csv",100,100,81.78487416378341,4.296449329501771,6.49003104179825,10.0,PASS,PASS,PASS
x86,ChaCha20,Stream,256,64,4,4,"windows_experience1_20260718.csv, windows_experience2_20260718.csv, windows_experience3_20260718.csv, windows_experience4_20260723.csv",100,100,2.87219457259737,0.5135709952411859,18.07575679953785,10.0,PASS,FAIL,FAIL
x86,ChaCha20,Stream,256,256,4,4,"windows_experience1_20260718.csv, windows_experience2_20260718.csv, windows_experience3_20260718.csv, windows_experience4_20260723.csv",100,100,12.766709846648936,1.2387652971847403,11.268534634679499,10.0,PASS,FAIL,FAIL
x86,ChaCha20,Stream,256,1024,4,4,"windows_experience1_20260718.csv, windows_experience2_20260718.csv, windows_experience3_20260718.csv, windows_experience4_20260723.csv",100,100,36.680689810182386,3.47809686675205,10.204205814100018,10.0,PASS,FAIL,FAIL
x86,ChaCha20,Stream,256,4096,4,4,"windows_experience1_20260718.csv, windows_experience2_20260718.csv, windows_experience3_20260718.csv, windows_experience4_20260723.csv",100,100,86.78138333902152,7.822643147031528,9.698051217052827,10.0,PASS,PASS,PASS
x86,ChaCha20,Stream,256,16384,4,4,"windows_experience1_20260718.csv, windows_experience2_20260718.csv, windows_experience3_20260718.csv, windows_experience4_20260723.csv",100,100,118.84713779097119,8.582955531840241,7.857551194555253,10.0,PASS,PASS,PASS
x86,DES,CBC,64,64,4,4,"windows_experience1_20260718.csv, windows_experience2_20260718.csv, windows_experience3_20260718.csv, windows_experience4_20260723.csv",100,100,0.20661343867378248,0.0179544769134699,10.311091185490119,10.0,PASS,FAIL,FAIL
x86,DES,CBC,64,256,4,4,"windows_experience1_20260718.csv, windows_experience2_20260718.csv, windows_experience3_20260718.csv, windows_experience4_20260723.csv",100,100,0.2444371567865039,0.012602324390000986,6.130483857831077,10.0,PASS,PASS,PASS
x86,DES,CBC,64,1024,4,4,"windows_experience1_20260718.csv, windows_experience2_20260718.csv, windows_experience3_20260718.csv, windows_experience4_20260723.csv",100,100,0.27574229768954234,0.008977126074258683,3.5311870423934475,10.0,PASS,PASS,PASS
x86,DES,CBC,64,4096,4,4,"windows_experience1_20260718.csv, windows_experience2_20260718.csv, windows_experience3_20260718.csv, windows_experience4_20260723.csv",100,100,0.264227337854405,0.008187246257278414,3.3664640851636727,10.0,PASS,PASS,PASS
x86,DES,CBC,64,16384,4,4,"windows_experience1_20260718.csv, windows_experience2_20260718.csv, windows_experience3_20260718.csv, windows_experience4_20260723.csv",100,100,0.2567434520895251,0.008135586103072412,3.7527133465060762,10.0,PASS,PASS,PASS
x86,DES,CTR,64,64,4,4,"windows_experience1_20260718.csv, windows_experience2_20260718.csv, windows_experience3_20260718.csv, windows_experience4_20260723.csv",100,100,1.2207343559259332,0.12419730425930932,11.234334885510357,10.0,PASS,FAIL,FAIL
x86,DES,CTR,64,256,4,4,"windows_experience1_20260718.csv, windows_experience2_20260718.csv, windows_experience3_20260718.csv, windows_experience4_20260723.csv",100,100,2.501965408164711,0.27423512790496424,11.769789020054626,10.0,PASS,FAIL,FAIL
x86,DES,CTR,64,1024,4,4,"windows_experience1_20260718.csv, windows_experience2_20260718.csv, windows_experience3_20260718.csv, windows_experience4_20260723.csv",100,100,3.0258766301377333,0.26440542354001123,9.176570215164853,10.0,PASS,PASS,PASS
x86,DES,CTR,64,4096,4,4,"windows_experience1_20260718.csv, windows_experience2_20260718.csv, windows_experience3_20260718.csv, windows_experience4_20260723.csv",100,100,3.1228898395931517,0.4335441540978749,16.887271974269098,10.0,PASS,FAIL,FAIL
x86,DES,CTR,64,16384,4,4,"windows_experience1_20260718.csv, windows_experience2_20260718.csv, windows_experience3_20260718.csv, windows_experience4_20260723.csv",100,100,3.9052153881317073,0.23715670119770338,9.371472858162738,10.0,PASS,PASS,PASS
x86,DES,ECB,64,64,4,4,"windows_experience1_20260718.csv, windows_experience2_20260718.csv, windows_experience3_20260718.csv, windows_experience4_20260723.csv",100,100,1.9935522895546673,0.3300540560103063,16.67153558222757,10.0,PASS,FAIL,FAIL
x86,DES,ECB,64,256,4,4,"windows_experience1_20260718.csv, windows_experience2_20260718.csv, windows_experience3_20260718.csv, windows_experience4_20260723.csv",100,100,7.289798083811347,0.9997845918495262,14.167854107715822,10.0,PASS,FAIL,FAIL
x86,DES,ECB,64,1024,4,4,"windows_experience1_20260718.csv, windows_experience2_20260718.csv, windows_experience3_20260718.csv, windows_experience4_20260723.csv",100,100,18.25562099357616,1.8351899966621263,12.079673088450395,10.0,PASS,FAIL,FAIL
x86,DES,ECB,64,4096,4,4,"windows_experience1_20260718.csv, windows_experience2_20260718.csv, windows_experience3_20260718.csv, windows_experience4_20260723.csv",100,100,30.48484084551505,1.903945892887394,6.690991641311111,10.0,PASS,PASS,PASS
x86,DES,ECB,64,16384,4,4,"windows_experience1_20260718.csv, windows_experience2_20260718.csv, windows_experience3_20260718.csv, windows_experience4_20260723.csv",100,100,35.96035301293266,1.659262932922693,4.8714932274756375,10.0,PASS,PASS,PASS
x86,Twofish,CBC,128,64,4,4,"windows_experience1_20260718.csv, windows_experience2_20260718.csv, windows_experience3_20260718.csv, windows_experience4_20260723.csv",100,100,0.9679470873156285,0.07953932648696979,8.468977237780846,10.0,PASS,PASS,PASS
x86,Twofish,CBC,128,256,4,4,"windows_experience1_20260718.csv, windows_experience2_20260718.csv, windows_experience3_20260718.csv, windows_experience4_20260723.csv",100,100,1.193076406590947,0.11125596531425162,9.650688495524756,10.0,PASS,PASS,PASS
x86,Twofish,CBC,128,1024,4,4,"windows_experience1_20260718.csv, windows_experience2_20260718.csv, windows_experience3_20260718.csv, windows_experience4_20260723.csv",100,100,1.245451463981524,0.08347428885414065,6.710011190819233,10.0,PASS,PASS,PASS
x86,Twofish,CBC,128,4096,4,4,"windows_experience1_20260718.csv, windows_experience2_20260718.csv, windows_experience3_20260718.csv, windows_experience4_20260723.csv",100,100,1.4603950966006478,0.04418335198279091,3.1574515775040477,10.0,PASS,PASS,PASS
x86,Twofish,CBC,128,16384,4,4,"windows_experience1_20260718.csv, windows_experience2_20260718.csv, windows_experience3_20260718.csv, windows_experience4_20260723.csv",100,100,1.282026623578462,0.1021058440300314,8.69779266881598,10.0,PASS,PASS,PASS
x86,Twofish,CBC,192,64,4,4,"windows_experience1_20260718.csv, windows_experience2_20260718.csv, windows_experience3_20260718.csv, windows_experience4_20260723.csv",100,100,0.9610306860275005,0.07493768646090991,10.781362894757184,10.0,PASS,FAIL,FAIL
x86,Twofish,CBC,192,256,4,4,"windows_experience1_20260718.csv, windows_experience2_20260718.csv, windows_experience3_20260718.csv, windows_experience4_20260723.csv",100,100,1.1647318030785367,0.08845780718368929,8.194305726385988,10.0,PASS,PASS,PASS
x86,Twofish,CBC,192,1024,4,4,"windows_experience1_20260718.csv, windows_experience2_20260718.csv, windows_experience3_20260718.csv, windows_experience4_20260723.csv",100,100,1.229122942200834,0.07032424835839378,7.284304327378633,10.0,PASS,PASS,PASS
x86,Twofish,CBC,192,4096,4,4,"windows_experience1_20260718.csv, windows_experience2_20260718.csv, windows_experience3_20260718.csv, windows_experience4_20260723.csv",100,100,1.2659021738367775,0.042298437812908984,4.390736711761724,10.0,PASS,PASS,PASS
x86,Twofish,CBC,192,16384,4,4,"windows_experience1_20260718.csv, windows_experience2_20260718.csv, windows_experience3_20260718.csv, windows_experience4_20260723.csv",100,100,1.2591189458587522,0.03478526326735994,4.774125797309816,10.0,PASS,PASS,PASS
x86,Twofish,CBC,256,64,4,4,"windows_experience1_20260718.csv, windows_experience2_20260718.csv, windows_experience3_20260718.csv, windows_experience4_20260723.csv",100,100,0.9597481469247302,0.07571624252026582,8.769522196924992,10.0,PASS,PASS,PASS
x86,Twofish,CBC,256,256,4,4,"windows_experience1_20260718.csv, windows_experience2_20260718.csv, windows_experience3_20260718.csv, windows_experience4_20260723.csv",100,100,1.162179238247412,0.08793781161009764,9.292556279342122,10.0,PASS,PASS,PASS
x86,Twofish,CBC,256,1024,4,4,"windows_experience1_20260718.csv, windows_experience2_20260718.csv, windows_experience3_20260718.csv, windows_experience4_20260723.csv",100,100,1.2172967481804375,0.0740085031719284,7.026321562845,10.0,PASS,PASS,PASS
x86,Twofish,CBC,256,4096,4,4,"windows_experience1_20260718.csv, windows_experience2_20260718.csv, windows_experience3_20260718.csv, windows_experience4_20260723.csv",100,100,1.348951553810638,0.04569207130705845,3.679203924071718,10.0,PASS,PASS,PASS
x86,Twofish,CBC,256,16384,4,4,"windows_experience1_20260718.csv, windows_experience2_20260718.csv, windows_experience3_20260718.csv, windows_experience4_20260723.csv",100,100,1.3053983030266672,0.0458892159423559,4.301878270609387,10.0,PASS,PASS,PASS
x86,Twofish,CTR,128,64,4,4,"windows_experience1_20260718.csv, windows_experience2_20260718.csv, windows_experience3_20260718.csv, windows_experience4_20260723.csv",100,100,1.2121231945556685,0.08401384547319804,8.183053433409317,10.0,PASS,PASS,PASS
x86,Twofish,CTR,128,256,4,4,"windows_experience1_20260718.csv, windows_experience2_20260718.csv, windows_experience3_20260718.csv, windows_experience4_20260723.csv",100,100,1.3996685804302231,0.10847047318176843,10.790957706606683,10.0,PASS,FAIL,FAIL
x86,Twofish,CTR,128,1024,4,4,"windows_experience1_20260718.csv, windows_experience2_20260718.csv, windows_experience3_20260718.csv, windows_experience4_20260723.csv",100,100,1.50921173735073,0.09882737609999831,6.360430557145437,10.0,PASS,PASS,PASS
x86,Twofish,CTR,128,4096,4,4,"windows_experience1_20260718.csv, windows_experience2_20260718.csv, windows_experience3_20260718.csv, windows_experience4_20260723.csv",100,100,1.6012212846358793,0.06724222909387134,4.799315360360082,10.0,PASS,PASS,PASS
x86,Twofish,CTR,128,16384,4,4,"windows_experience1_20260718.csv, windows_experience2_20260718.csv, windows_experience3_20260718.csv, windows_experience4_20260723.csv",100,100,1.7553312908774759,0.030257515026223085,2.0630243309110825,10.0,PASS,PASS,PASS
x86,Twofish,CTR,192,64,4,4,"windows_experience1_20260718.csv, windows_experience2_20260718.csv, windows_experience3_20260718.csv, windows_experience4_20260723.csv",100,100,1.2252321509766924,0.1317979311234942,11.489136457021896,10.0,PASS,FAIL,FAIL
x86,Twofish,CTR,192,256,4,4,"windows_experience1_20260718.csv, windows_experience2_20260718.csv, windows_experience3_20260718.csv, windows_experience4_20260723.csv",100,100,1.3586282267931333,0.09979234179830007,7.550264904029611,10.0,PASS,PASS,PASS
x86,Twofish,CTR,192,1024,4,4,"windows_experience1_20260718.csv, windows_experience2_20260718.csv, windows_experience3_20260718.csv, windows_experience4_20260723.csv",100,100,1.5937678702481775,0.08539635807663874,5.534352470592956,10.0,PASS,PASS,PASS
x86,Twofish,CTR,192,4096,4,4,"windows_experience1_20260718.csv, windows_experience2_20260718.csv, windows_experience3_20260718.csv, windows_experience4_20260723.csv",100,100,1.7057516914659352,0.0561880428568735,3.4662823776299514,10.0,PASS,PASS,PASS
x86,Twofish,CTR,192,16384,4,4,"windows_experience1_20260718.csv, windows_experience2_20260718.csv, windows_experience3_20260718.csv, windows_experience4_20260723.csv",100,100,1.6363391146402981,0.031675839412867904,2.4686122270183004,10.0,PASS,PASS,PASS
x86,Twofish,CTR,256,64,4,4,"windows_experience1_20260718.csv, windows_experience2_20260718.csv, windows_experience3_20260718.csv, windows_experience4_20260723.csv",100,100,1.452650753821018,0.15099237529055387,11.014003708388636,10.0,PASS,FAIL,FAIL
x86,Twofish,CTR,256,256,4,4,"windows_experience1_20260718.csv, windows_experience2_20260718.csv, windows_experience3_20260718.csv, windows_experience4_20260723.csv",100,100,1.5770059209262735,0.109796232851363,7.233341964168203,10.0,PASS,PASS,PASS
x86,Twofish,CTR,256,1024,4,4,"windows_experience1_20260718.csv, windows_experience2_20260718.csv, windows_experience3_20260718.csv, windows_experience4_20260723.csv",100,100,1.658378092960214,0.09501389243991254,5.933099932221706,10.0,PASS,PASS,PASS
x86,Twofish,CTR,256,4096,4,4,"windows_experience1_20260718.csv, windows_experience2_20260718.csv, windows_experience3_20260718.csv, windows_experience4_20260723.csv",100,100,1.7585559476238122,0.06450699332814043,3.8758684553306653,10.0,PASS,PASS,PASS
x86,Twofish,CTR,256,16384,4,4,"windows_experience1_20260718.csv, windows_experience2_20260718.csv, windows_experience3_20260718.csv, windows_experience4_20260723.csv",100,100,1.7514204826424733,0.031494490513968514,1.9741565708361706,10.0,PASS,PASS,PASS
x86,Twofish,ECB,128,64,4,4,"windows_experience1_20260718.csv, windows_experience2_20260718.csv, windows_experience3_20260718.csv, windows_experience4_20260723.csv",100,100,1.487937996171583,0.17163539466610675,13.138456117773114,10.0,PASS,FAIL,FAIL
x86,Twofish,ECB,128,256,4,4,"windows_experience1_20260718.csv, windows_experience2_20260718.csv, windows_experience3_20260718.csv, windows_experience4_20260723.csv",100,100,1.9937808283042684,0.15033891989493856,8.559961364704664,10.0,PASS,PASS,PASS
x86,Twofish,ECB,128,1024,4,4,"windows_experience1_20260718.csv, windows_experience2_20260718.csv, windows_experience3_20260718.csv, windows_experience4_20260723.csv",100,100,2.1068211388532694,0.1626408909964102,8.078726413792708,10.0,PASS,PASS,PASS
x86,Twofish,ECB,128,4096,4,4,"windows_experience1_20260718.csv, windows_experience2_20260718.csv, windows_experience3_20260718.csv, windows_experience4_20260723.csv",100,100,2.4352646337702684,0.1093047214310103,4.562167295469295,10.0,PASS,PASS,PASS
x86,Twofish,ECB,128,16384,4,4,"windows_experience1_20260718.csv, windows_experience2_20260718.csv, windows_experience3_20260718.csv, windows_experience4_20260723.csv",100,100,2.2854928935109444,0.15585140259778918,7.435556821636689,10.0,PASS,PASS,PASS
x86,Twofish,ECB,192,64,4,4,"windows_experience1_20260718.csv, windows_experience2_20260718.csv, windows_experience3_20260718.csv, windows_experience4_20260723.csv",100,100,1.7185756376635122,0.19505973904152962,11.848854079728977,10.0,PASS,FAIL,FAIL
x86,Twofish,ECB,192,256,4,4,"windows_experience1_20260718.csv, windows_experience2_20260718.csv, windows_experience3_20260718.csv, windows_experience4_20260723.csv",100,100,2.0393076703751545,0.21926675789009215,12.082407816479389,10.0,PASS,FAIL,FAIL
x86,Twofish,ECB,192,1024,4,4,"windows_experience1_20260718.csv, windows_experience2_20260718.csv, windows_experience3_20260718.csv, windows_experience4_20260723.csv",100,100,2.259389534798272,0.16446289559793345,7.398267245591706,10.0,PASS,PASS,PASS
x86,Twofish,ECB,192,4096,4,4,"windows_experience1_20260718.csv, windows_experience2_20260718.csv, windows_experience3_20260718.csv, windows_experience4_20260723.csv",100,100,2.392985269233872,0.11772709196872977,4.980956378727012,10.0,PASS,PASS,PASS
x86,Twofish,ECB,192,16384,4,4,"windows_experience1_20260718.csv, windows_experience2_20260718.csv, windows_experience3_20260718.csv, windows_experience4_20260723.csv",100,100,2.4165463656894115,0.08038586723457132,3.4254738638463653,10.0,PASS,PASS,PASS
x86,Twofish,ECB,256,64,4,4,"windows_experience1_20260718.csv, windows_experience2_20260718.csv, windows_experience3_20260718.csv, windows_experience4_20260723.csv",100,100,1.5697227855288567,0.1553448928940179,10.40980090476507,10.0,PASS,FAIL,FAIL
x86,Twofish,ECB,256,256,4,4,"windows_experience1_20260718.csv, windows_experience2_20260718.csv, windows_experience3_20260718.csv, windows_experience4_20260723.csv",100,100,1.9204098287032685,0.1764895644578647,10.17175859884154,10.0,PASS,FAIL,FAIL
x86,Twofish,ECB,256,1024,4,4,"windows_experience1_20260718.csv, windows_experience2_20260718.csv, windows_experience3_20260718.csv, windows_experience4_20260723.csv",100,100,2.2995849547454172,0.168697757723201,7.451831407771764,10.0,PASS,PASS,PASS
x86,Twofish,ECB,256,4096,4,4,"windows_experience1_20260718.csv, windows_experience2_20260718.csv, windows_experience3_20260718.csv, windows_experience4_20260723.csv",100,100,2.5203022309812386,0.09367581432073033,4.024022751051614,10.0,PASS,PASS,PASS
x86,Twofish,ECB,256,16384,4,4,"windows_experience1_20260718.csv, windows_experience2_20260718.csv, windows_experience3_20260718.csv, windows_experience4_20260723.csv",100,100,2.4768122990027255,0.06776026808970603,2.7781646196271756,10.0,PASS,PASS,PASS
