"algorithm","mode","key_size_bytes","message_size_bytes","repetitions","avg_encrypt_time_s","avg_decrypt_time_s","throughput_encrypt_mbps","throughput_decrypt_mbps","avalanche_score","key_avalanche_score","ci95_encrypt_mbps","ci95_decrypt_mbps"
"AES","ECB","16","64","100","6.199800007379963e-05","2.0144000054642674e-05","0.984469759949458","3.029942220236093","0.4952734375","0.4980078125","0.9860523387192031","0.19686663453832712"
"AES","ECB","16","256","100","2.219700004388869e-05","1.7438999930163845e-05","10.998811754618938","13.999691838848825","0.49921875","0.500078125","1.9642221460755724","0.13461028754590823"
"AES","ECB","16","1024","100","4.0222000034191293e-05","3.124700003354519e-05","24.279312296003653","31.25300025447602","0.4976171875","0.5003515625","2.2280557924605757","6.719912195145153"
"AES","ECB","16","4096","100","4.65759999860893e-05","2.5393000005351496e-05","83.86830129608954","153.8317646271323","0.501796875","0.5026953125","12.414369464792378","23.157848831290842"
"AES","ECB","16","16384","100","5.7253999966633276e-05","2.8232999948158977e-05","272.90669663440116","553.430383901477","0.499296875","0.4993359375","24.365848838863094","20.219423120767583"
"AES","ECB","24","64","100","2.0718000023407512e-05","2.7034999984607566e-05","2.9459965334994473","2.257634780275587","0.4989453125","0.4934375","0.1893366839637172","0.16572901296294734"
"AES","ECB","24","256","100","2.233299998806615e-05","2.3851999967519076e-05","10.93183294364657","10.235645871728293","0.500625","0.496484375","0.7469655829402682","1.5832544952311607"
"AES","ECB","24","1024","100","2.170700005990511e-05","2.2882999992361875e-05","44.98836768346463","42.67633178892484","0.4964453125","0.50125","2.5041088836341947","6.216963766693717"
"AES","ECB","24","4096","100","4.0381999997407544e-05","3.811000001405773e-05","96.73245506044215","102.49934396638919","0.4977734375","0.4966015625","8.070584796144294","5.754769530881939"
"AES","ECB","24","16384","100","4.941800005326513e-05","3.489999994599202e-05","316.1803388068844","447.70773708251545","0.5019921875","0.5003125","31.06210992307421","18.840851146300174"
"AES","ECB","32","64","100","2.4229000009654554e-05","1.9322999914948013e-05","2.5190951432448414","3.158679113939447","0.5019921875","0.5031640625","0.2562911035572117","0.39406133673308313"
"AES","ECB","32","256","100","2.366600001550978e-05","1.9763000091188586e-05","10.31609164370826","12.353419211329715","0.4989453125","0.5057421875","1.98893933820595","0.6161048910372402"
"AES","ECB","32","1024","100","4.031499995107879e-05","3.5942000067734625e-05","24.22330401054281","27.170510771788315","0.5021875","0.494921875","2.686010712975046","2.565092791499706"
"AES","ECB","32","4096","100","4.0360999955737496e-05","2.5723999970068688e-05","96.7827854682453","151.8523559533953","0.50109375","0.497578125","11.419288839379945","10.623650332394625"
"AES","ECB","32","16384","100","4.3931999962296685e-05","4.845000003115274e-05","355.663298129147","322.49741981327804","0.4997265625","0.4998046875","16.323283164739113","29.7721477851293"
"AES","CBC","16","64","100","0.0001586330000372982","5.3558000045086376e-05","0.3847569940406426","1.1396085775910074","0.4984375","0.5000390625","0.033712279044649414","0.08505894294563068"
"AES","CBC","16","256","100","0.0004475290000300447","5.909600004088134e-05","0.5455302896205826","4.131254650587329","0.500234375","0.4969140625","0.03433429679081103","0.2533799308330983"
"AES","CBC","16","1024","100","0.0015885400000388472","0.00017939100001967745","0.6147547433342053","5.4437652942058445","0.505859375","0.498359375","0.02519434499254366","0.4357949479194114"
"AES","CBC","16","4096","100","0.006579408999969018","0.0005414120000023103","0.5937083406759474","7.21493058887378","0.5031640625","0.4930859375","0.01545374572319971","0.32329367305431045"
"AES","CBC","16","16384","100","0.02569305499994698","0.0021066460000020017","0.6081409937445058","7.4170031414794675","0.497109375","0.4926953125","0.008638803248365905","0.23901297512019778"
"AES","CBC","24","64","100","0.00013729500005865702","4.698500003541994e-05","0.44455483611146607","1.299034930381787","0.4997265625","0.4983203125","0.036945796049857635","0.2494285353286029"
"AES","CBC","24","256","100","0.00043946799999503125","5.6242000027850736e-05","0.5555367512600697","4.34089514738279","0.499140625","0.49984375","0.038969319278698886","0.2216884006582786"
"AES","CBC","24","1024","100","0.0016304560000025958","0.00018168000001423935","0.5989505389893657","5.37517888553204","0.4952734375","0.5010546875","0.027222278166001486","0.40157240354414964"
"AES","CBC","24","4096","100","0.006487765999991097","0.0005459199999950215","0.6020947734559724","7.155352432656108","0.5004296875","0.5041796875","0.013627113576300896","0.35842122658023784"
"AES","CBC","24","16384","100","0.02598170500003107","0.002128629999951954","0.6013847051215967","7.3404020427940395","0.5055859375","0.50546875","0.00991242770291367","0.25566030100504855"
"AES","CBC","32","64","100","0.0001333129999875382","3.05609999486478e-05","0.45783349152524827","1.9971583505958075","0.4987890625","0.49875","0.03381016006690647","0.050728179153474176"
"AES","CBC","32","256","100","0.00042387299997244556","5.974699996841082e-05","0.57597588196434","4.086240733912682","0.496640625","0.500703125","0.03445109287458363","0.28869059970690536"
"AES","CBC","32","1024","100","0.0016508089999751974","0.00019033199996556504","0.5915660140056617","5.130837169665007","0.4953515625","0.5030078125","0.026403686211084798","0.45730346558392715"
"AES","CBC","32","4096","100","0.006463123999965319","0.0005657399999472546","0.6043903845912535","6.904673525584527","0.500390625","0.5030078125","0.00993399518153473","0.39478813231774357"
"AES","CBC","32","16384","100","0.025628198999984305","0.0022212510000645127","0.6096799857067431","7.034324351253504","0.500546875","0.4972265625","0.007757001519767182","0.3009137268348991"
"AES","CTR","16","64","100","3.5247999985585924e-05","5.658000002767949e-05","1.7315920413912647","1.0787408310381938","0.50109375","0.5022265625","0.17964336410009069","0.09986464277571433"
"AES","CTR","16","256","100","7.530299995778478e-05","7.602700000461482e-05","3.2421102099101815","3.211235810766974","0.497890625","0.49703125","0.25166502500894206","0.3072213777613357"
"AES","CTR","16","1024","100","0.00020924599996760662","0.00021812399993905273","4.667054568073854","4.477097890524963","0.493203125","0.4956640625","0.65776435422728","0.3035920241395976"
"AES","CTR","16","4096","100","0.0007199329999912152","0.0007204230000024836","5.425852127972554","5.422161702203475","0.4968359375","0.5025390625","0.30424489868383864","0.3286653786013629"
"AES","CTR","16","16384","100","0.002837565999971048","0.0027781960000083927","5.506479849335459","5.624153227473079","0.49265625","0.50171875","0.19603765546974955","0.20967452778564027"
"AES","CTR","24","64","100","3.376499998921645e-05","5.163799998626928e-05","1.8076456765731628","1.1819814141955431","0.5014453125","0.500390625","0.08801001725903532","0.0919966119211789"
"AES","CTR","24","256","100","6.581700001333956e-05","8.458900000732683e-05","3.7093854923578777","2.8861982642997708","0.5030078125","0.4974609375","0.16199104897022767","0.6545265866888557"
"AES","CTR","24","1024","100","0.00020130699999754142","0.0002250690000164468","4.851110492987957","4.338947166996069","0.503515625","0.50453125","0.3590195738799451","0.3263102943897212"
"AES","CTR","24","4096","100","0.0007631160000255477","0.000729855000072348","5.11881548790646","5.352090483195686","0.5047265625","0.4969140625","0.33848013721133535","0.3379710359072654"
"AES","CTR","24","16384","100","0.00274101699997118","0.0026463590000093975","5.700438924736434","5.904338753715771","0.4976171875","0.4994921875","0.20110708445149453","0.1788460275602845"
"AES","CTR","32","64","100","4.184500003248104e-05","3.5978999985673e-05","1.4586009368532231","1.6964105804581693","0.497578125","0.4973828125","0.1812916371761178","0.16907064507469388"
"AES","CTR","32","256","100","7.384500006082817e-05","6.523599992760864e-05","3.3061226189842863","3.7424217498148105","0.49515625","0.5013671875","0.2421510277220181","0.22278093365651924"
"AES","CTR","32","1024","100","0.00023463299998184085","0.00020769599997038312","4.162085043772956","4.701884004214117","0.5032421875","0.505078125","0.29324491273415537","0.2894310192227187"
"AES","CTR","32","4096","100","0.0007328510000479582","0.000787149000007048","5.330210369835577","4.9625293304889215","0.4997265625","0.5038671875","0.30493879435530946","0.3607830118610773"
"AES","CTR","32","16384","100","0.0027335300000322603","0.002741355000007388","5.716052137644583","5.699736079405217","0.497578125","0.50203125","0.17304493068196594","0.20021364756256732"
"AES","GCM","16","64","100","0.00032592800002021247","0.00023248999995303165","0.18726576497329134","0.2625280926591703","0.498359375","0.49484375","0.20300947798312063","0.02523974482269492"
"AES","GCM","16","256","100","0.00015127899992876338","0.00019085300001279394","1.6138434621789195","1.2792076885541956","0.49859375","0.4980078125","0.1512103004979803","0.17697029836372205"
"AES","GCM","16","1024","100","0.00016184899997824685","0.00017035700001542863","6.033787667092499","5.732447154572787","0.500234375","0.502265625","0.9554030809658567","0.2893007066786629"
"AES","GCM","16","4096","100","0.00016798899999230345","0.0001908990000083577","23.253010614855544","20.462391106443626","0.4951953125","0.499375","2.08176752561964","1.7669863708515539"
"AES","GCM","16","16384","100","0.0001893330000439164","0.000213402999961545","82.52655372479035","73.21827716955998","0.4973046875","0.500546875","7.6331851766729315","5.211227850752644"
"AES","GCM","24","64","100","0.00014770000002499727","0.0001719129999855795","0.4132373475942464","0.35503514135126363","0.5048046875","0.4962890625","0.04458471941072262","0.026509184995183965"
"AES","GCM","24","256","100","0.00013878800000384218","0.0001956659999632393","1.7590903031475433","1.247741687599623","0.49625","0.49765625","0.14778598660970665","0.08871650534296373"
"AES","GCM","24","1024","100","0.0001423419999628095","0.0002045289999750821","6.860677103421","4.774689653393774","0.5012109375","0.49875","0.6750442356146136","0.3242917099335214"
"AES","GCM","24","4096","100","0.00016087400004835217","0.00020320799994806294","24.28142520746634","19.222914457100025","0.501015625","0.5005078125","1.8797669349601651","1.9072040792016842"
"AES","GCM","24","16384","100","0.00018382799999926646","0.0002248719999806781","84.99793285061226","69.48397311066991","0.49640625","0.4987890625","5.713285742152688","5.38411749649956"
"AES","GCM","32","64","100","0.00014480899993031925","0.00021490699999048956","0.42148731280078966","0.2840072973551398","0.5015625","0.493359375","0.03016001378520264","0.021334318320354786"
"AES","GCM","32","256","100","0.0001466850000724662","0.00019589500005167792","1.664387121242037","1.2462830849975481","0.50203125","0.5020703125","0.1300651466807991","0.11131796615227607"
"AES","GCM","32","1024","100","0.0001362299999800598","0.0001857220001420501","7.168483448160765","5.258195040184108","0.505546875","0.4941796875","0.6208402442795233","0.3245220725492072"
"AES","GCM","32","4096","100","0.00013952599998447114","0.00019392699997297313","27.99657411833461","20.142888821795825","0.50265625","0.491171875","1.542905750982987","1.43211400764861"
"AES","GCM","32","16384","100","0.00020223299994540867","0.00022814099992501724","77.2623657079599","68.4883471411778","0.4996484375","0.5026953125","6.501307695707448","3.604690678092021"
"DES","ECB","8","64","100","4.362999999102613e-05","2.6502999999138412e-05","1.3989263411082693","2.302952731841082","0.501953125","0.4459375","0.19983613450326107","0.08239480450283337"
"DES","ECB","8","256","100","3.3758000017769516e-05","3.0123000060484627e-05","7.232082021194662","8.104791173182775","0.505625","0.41359375","0.752676221556193","0.7867936574239066"
"DES","ECB","8","1024","100","4.6991000017442276e-05","5.641099995955301e-05","20.781905037933143","17.311561587282633","0.500859375","0.44640625","1.5305385280776957","1.268262038161048"
"DES","ECB","8","4096","100","0.00012538400003904825","0.00012773500008734118","31.154293999102592","30.580890103174767","0.506640625","0.45921875","1.777050510806006","1.6814406354115121"
"DES","ECB","8","16384","100","0.00042337299999417155","0.0004304459999275423","36.90599069901743","36.299559068106525","0.49921875","0.434921875","1.0225819961630456","1.475095908264184"
"DES","CBC","8","64","100","0.0003240050000476913","3.520699991895526e-05","0.18837720479935818","1.7336085548470432","0.498671875","0.44453125","0.026818391568130318","0.05491570183950674"
"DES","CBC","8","256","100","0.0009425750000082189","7.344500004364818e-05","0.25901453465015645","3.324128597656857","0.496875","0.4390625","0.014219253365746514","0.289553073127665"
"DES","CBC","8","1024","100","0.004100250000001324","0.0002475679999952263","0.23817145296010844","3.9446232954938862","0.505625","0.433359375","0.013170476674048994","0.6815461761096371"
"DES","CBC","8","4096","100","0.014611694999948667","0.0006812979999813252","0.267337225422083","5.733540976352599","0.501484375","0.44171875","0.010726532394027453","0.3077148552372059"
"DES","CBC","8","16384","100","0.0552857789999598","0.00254267000001164","0.28262240819671475","6.1451151741785095","0.500078125","0.41828125","0.002027508424435785","0.23147947309127193"
"DES","CTR","8","64","100","4.677200001424353e-05","4.01150000107009e-05","1.3049507447065103","1.5215045801749605","0.491875","0.427734375","0.14790469977477755","0.04181468382762712"
"DES","CTR","8","256","100","0.00012457600006200666","8.422600008998415e-05","1.959772547508999","2.898637294174822","0.498046875","0.428671875","0.4056899181359864","0.19122870344023618"
"DES","CTR","8","1024","100","0.00027399700002206373","0.000272138000045743","3.564135738425464","3.58848268097749","0.503125","0.442578125","0.21745331844890017","0.26244276761384067"
"DES","CTR","8","4096","100","0.0009024300000419316","0.0009427840000262222","4.328590583002001","4.14331384483758","0.496484375","0.45796875","0.2024700091611622","0.22542196677602622"
"DES","CTR","8","16384","100","0.0035033670000120766","0.0035791429999608225","4.459995198888994","4.36557019380646","0.497890625","0.432265625","0.11795122945232614","0.12272474569024583"
"3DES","ECB","16","64","100","7.38300000102754e-05","7.741600002191263e-05","0.8266985810849973","0.7884049322197476","0.502734375","0.44890625","0.061907840230291986","0.13733827825638165"
"3DES","ECB","16","256","100","8.75779999387305e-05","8.61330000043381e-05","2.7876935437073307","2.8344609497835185","0.497421875","0.43125","0.16685187447957833","0.19914154877517415"
"3DES","ECB","16","1024","100","0.0001353200000085053","0.00013336099998014105","7.216690067533402","7.322699290987779","0.50296875","0.445234375","0.3667162216285038","0.3692680524120356"
"3DES","ECB","16","4096","100","0.00036373600003571484","0.0003525230000286683","10.739244945830078","11.080837277801253","0.503828125","0.43671875","0.49524669409933947","0.4389204865751287"
"3DES","ECB","16","16384","100","0.0012571780000325816","0.0012377309999919816","12.428629835707477","12.623906163860502","0.501796875","0.4346875","0.31477532252406804","0.32558036513283356"
"3DES","ECB","24","64","100","9.387599997353391e-05","0.00011337800004184828","0.6501678412715433","0.5383333294596101","0.49625","0.436328125","0.06221530612249425","0.04340957416859438"
"3DES","ECB","24","256","100","0.0004740120000042225","0.0004590549999829818","0.5150515704197893","0.5318330592391998","0.511484375","0.424609375","0.579191904102046","0.570337373898356"
"3DES","ECB","24","1024","100","0.00016828900003019954","0.0001529869999467337","5.8028896708920685","6.383303812350166","0.50890625","0.44359375","0.3305103433336709","0.3968705374860325"
"3DES","ECB","24","4096","100","0.0004092080000373244","0.0003755319998981577","9.545878867577628","10.401909826750728","0.501875","0.414609375","0.4392622969388074","0.4692538247035257"
"3DES","ECB","24","16384","100","0.001255421999940154","0.0012425320000238572","12.446014169534104","12.575128849558798","0.50234375","0.427421875","0.2948106258897744","0.2948768014859194"
"3DES","CBC","16","64","100","7.977400002346258e-05","7.93000000066968e-05","0.7651008628381272","0.7696741014482428","0.494453125","0.4034375","0.06958424215298117","0.0525423270837593"
"3DES","CBC","16","256","100","0.0003021699999771954","0.00013688500001990178","0.807957854910895","1.7835454941337932","0.495390625","0.4365625","0.0621209161101406","0.155349015869873"
"3DES","CBC","16","1024","100","0.0012112700000488986","0.00032260199999655014","0.8062302376518666","3.027143353142396","0.50265625","0.44140625","0.04588687133193523","0.19755578077244898"
"3DES","CBC","16","4096","100","0.004529351000073802","0.000942985999981829","0.8624304011626281","4.142426292728919","0.5090625","0.43609375","0.030426865909158406","0.2073596356418585"
"3DES","CBC","16","16384","100","0.017706910000060815","0.003916372000021511","0.8824238672894557","3.989661860495933","0.509453125","0.428359375","0.01714893875284694","0.20208467360643417"
"3DES","CBC","24","64","100","8.863300001394237e-05","0.0001246079999873473","0.6886278952579614","0.48981731715618193","0.4953125","0.40546875","0.048777338933069805","0.038549877040999644"
"3DES","CBC","24","256","100","0.0003823140000076819","0.00023775600003318688","0.6385866721990155","1.0268536859886688","0.5046875","0.400703125","0.03543774083233332","0.10668615354433755"
"3DES","CBC","24","1024","100","0.0011373549999916578","0.0003501319999850239","0.8586259347408354","2.7891266723457733","0.509921875","0.4278125","0.042431836585787044","0.1689349281038061"
"3DES","CBC","24","4096","100","0.0044415500000650355","0.0009472529999402468","0.8794790106928443","4.123766301343367","0.494453125","0.449921875","0.023823177922606895","0.19676601219339812"
"3DES","CBC","24","16384","100","0.01749402400005238","0.0033314210000025923","0.8931621449675168","4.690190762436762","0.50171875","0.441484375","0.013257823663128273","0.1260928269077002"
"3DES","CTR","16","64","100","9.846400003880262e-05","7.891399996879045e-05","0.6198728085995624","0.7734388863083695","0.505078125","0.43578125","0.05131209422340212","0.02437812801844301"
"3DES","CTR","16","256","100","0.00013137000001734123","0.0001641969999855064","1.858419920588968","1.4868762828891526","0.49796875","0.42640625","0.1347222631815072","0.17618150408515337"
"3DES","CTR","16","1024","100","0.0003726299999470939","0.0003529249999974127","2.620729678605192","2.767053906657673","0.505078125","0.441328125","0.1761333983947412","0.16446225011870602"
"3DES","CTR","16","4096","100","0.001262907999980598","0.0011681709999720625","3.0930598270499603","3.3439025622904697","0.50375","0.43828125","0.15055131136082603","0.1381493085043142"
"3DES","CTR","16","16384","100","0.004424833999955809","0.0043079130000205626","3.531205916460606","3.6270463214845376","0.499921875","0.429296875","0.08983612287093919","0.07280655148973675"
"3DES","CTR","24","64","100","0.00011061899997002911","9.892300005049037e-05","0.5517601521125371","0.6169966157399959","0.5046875","0.456875","0.043351314680193855","0.039727673634497654"
"3DES","CTR","24","256","100","0.00019934399992962425","0.000162415000013425","1.2247202077122492","1.5031901300977106","0.498828125","0.4303125","0.08792954019450967","0.10305255895381846"
"3DES","CTR","24","1024","100","0.00039904099999148456","0.0003826800000297226","2.447273588480481","2.5519036791161045","0.494609375","0.4203125","0.17163866090188512","0.13526175269308086"
"3DES","CTR","24","4096","100","0.0012066320000212727","0.0011918080000486954","3.2373167626344515","3.2775833018744605","0.509296875","0.45609375","0.13020371480330914","0.1414914557428034"
"3DES","CTR","24","16384","100","0.004416927000065698","0.004368952000040735","3.537527335128607","3.5763725488067424","0.512421875","0.45015625","0.0715142458643511","0.07333126733141955"
"Twofish","ECB","16","64","100","3.3055000021704475e-05","3.161899998303852e-05","1.846472733623454","1.9303316449837529","0.49890625","0.499375","0.12002634629454785","0.13315348116067555"
"Twofish","ECB","16","256","100","0.00010067699994579016","0.00010106600002472988","2.424989075274971","2.4156553632305733","0.49359375","0.5012890625","0.14715646254916198","0.15986617678611512"
"Twofish","ECB","16","1024","100","0.0003760390000661573","0.00042886899995210116","2.5969713243259114","2.277064791600859","0.5017578125","0.5020703125","0.13269514634863155","0.17391309562604368"
"Twofish","ECB","16","4096","100","0.0015939280000111466","0.0016060079999624577","2.4507066818405114","2.4322730646991255","0.4980078125","0.4983203125","0.12825181530278595","0.12427480353005046"
"Twofish","ECB","16","16384","100","0.005991216999955213","0.006155270999988716","2.607984321068124","2.538474747907711","0.50171875","0.5014453125","0.052223458654945785","0.0569643189712427"
"Twofish","ECB","24","64","100","3.323600001749582e-05","3.3689999991111105e-05","1.8364170242469122","1.8116698208994877","0.5025390625","0.5001953125","0.17754503852304068","0.22364767097006175"
"Twofish","ECB","24","256","100","0.00011791600000833569","0.00011235899999519461","2.0704622356825304","2.172862209617756","0.49796875","0.497265625","0.1512467413120229","0.20039852857284846"
"Twofish","ECB","24","1024","100","0.00039864699994723195","0.00037399499995444786","2.4496923346451007","2.6111645880799053","0.495078125","0.50515625","0.14775095078782458","0.1270543508159595"
"Twofish","ECB","24","4096","100","0.001603043000013713","0.0015364799999861133","2.436771814584253","2.5423370301177397","0.4978515625","0.5010546875","0.13167466025947067","0.12294738621780774"
"Twofish","ECB","24","16384","100","0.006250683000043864","0.006264848000009806","2.499726829834492","2.4940748761942095","0.5006640625","0.5012890625","0.05693618004226543","0.07155735994168036"
"Twofish","ECB","32","64","100","4.162899993389146e-05","3.65220000003319e-05","1.4661691692552379","1.6711887697674095","0.49828125","0.497421875","0.17965305349116642","0.15416917311843362"
"Twofish","ECB","32","256","100","0.00013044100001025072","0.00011405999996895844","1.8716555759371225","2.1404578736318003","0.5019140625","0.505390625","0.18594862915064442","0.18371654051161782"
"Twofish","ECB","32","1024","100","0.0004339860000345652","0.0003900190000058501","2.250216596669526","2.5038844261057847","0.4987109375","0.4973828125","0.15443486962485492","0.13790570134733873"
"Twofish","ECB","32","4096","100","0.001557691000016348","0.0015583569999671454","2.507718154601268","2.5066464231766883","0.4998828125","0.498828125","0.12200127255013564","0.11944373613262316"
"Twofish","ECB","32","16384","100","0.006101031999960469","0.0061870519999865795","2.5610421319051007","2.5254353769830757","0.497578125","0.49453125","0.06034826203822384","0.05567915809744791"
"Twofish","CBC","16","64","100","7.629800003996934e-05","5.2290000030552616e-05","0.7999574853603795","1.167243377592994","0.4987109375","0.5026953125","0.08023151446570931","0.07626109844664364"
"Twofish","CBC","16","256","100","0.00022475600008874607","0.0001314199999706034","1.0862474189948201","1.8577128675590509","0.4973046875","0.4998828125","0.1029797248758247","0.09161856258383087"
"Twofish","CBC","16","1024","100","0.0007958490000237362","0.0005181070000162436","1.2270700848664433","1.8848664464471296","0.5061328125","0.5040234375","0.08436038531839962","0.09559028952713976"
"Twofish","CBC","16","4096","100","0.002698587000004409","0.0020648780000101395","1.447516793045256","1.891758253989252","0.5023828125","0.494375","0.048363614751326015","0.07928430802360666"
"Twofish","CBC","16","16384","100","0.010957192000078067","0.008198134999947797","1.4260040346001672","1.905921285767982","0.4991796875","0.50375","0.027081056069658056","0.03599738841687644"
"Twofish","CBC","24","64","100","5.8169000049019814e-05","5.6480999955965674e-05","1.0492729151019415","1.0806316513090222","0.5043359375","0.5001953125","0.09222064794326212","0.14263035650881245"
"Twofish","CBC","24","256","100","0.00019176400001924776","0.0001373899999907735","1.2731306448316424","1.7769897737564262","0.5003515625","0.502578125","0.08304724653783263","0.13206377589348456"
"Twofish","CBC","24","1024","100","0.0006823640000129671","0.0005434879999211262","1.431145986572331","1.7968428008377808","0.499453125","0.499453125","0.07537109715782828","0.10973819624209724"
"Twofish","CBC","24","4096","100","0.0027175929999066284","0.0022405170000183716","1.4373933109682766","1.7434592105161308","0.504140625","0.500703125","0.05675801323134514","0.09649060174207597"
"Twofish","CBC","24","16384","100","0.01087528500001099","0.008055811999975048","1.4367439565937086","1.9395934264663073","0.49515625","0.4948046875","0.0235895073898781","0.03332329664247746"
"Twofish","CBC","32","64","100","6.89809999676072e-05","5.371400001422444e-05","0.8848111259428176","1.1362988463684847","0.4982421875","0.4975390625","0.09700945637842917","0.1584734866332824"
"Twofish","CBC","32","256","100","0.00018849400001272443","0.00016323799998644973","1.295216956420465","1.4956114692673639","0.4996484375","0.4993359375","0.07683516336019708","0.12373493469911837"
"Twofish","CBC","32","1024","100","0.0007685630000287347","0.0005646160000287637","1.2706342875775813","1.7296047224135522","0.501015625","0.50078125","0.0780653534120399","0.1201290837975519"
"Twofish","CBC","32","4096","100","0.0028915389999838227","0.002044201000016983","1.3509241964302934","1.9108933025507506","0.5005859375","0.4993359375","0.05642653002926924","0.07218824576643132"
"Twofish","CBC","32","16384","100","0.010745577000052435","0.00822985200004041","1.454086644200098","1.8985760618688257","0.5023046875","0.4988671875","0.022432033566743607","0.03402649553712668"
"Twofish","CTR","16","64","100","5.558600004405889e-05","4.2327000010118354e-05","1.0980310905915511","1.4419910750917717","0.500078125","0.499609375","0.113801381385443","0.11838727026901845"
"Twofish","CTR","16","256","100","0.0001723189999756869","0.0001772490000439575","1.4167945788592475","1.3773878833700246","0.5047265625","0.500703125","0.11687081058004019","0.11058186320227306"
"Twofish","CTR","16","1024","100","0.0006188739999561222","0.0005828129999918019","1.5779665975129635","1.6756017796681557","0.4994921875","0.5026171875","0.1073019751004376","0.10232435196298635"
"Twofish","CTR","16","4096","100","0.002195353999950385","0.0023148270000001503","1.779325794422349","1.6874911170466502","0.5019140625","0.5026171875","0.068006666930034","0.08218879717223063"
"Twofish","CTR","16","16384","100","0.008818489999948725","0.008684717999994974","1.7718452932521158","1.7991372892026019","0.501015625","0.4945703125","0.0340552171399657","0.03207107768034801"
"Twofish","CTR","24","64","100","4.899800002931443e-05","3.8490000024467007e-05","1.2456662764497328","1.5857406134373","0.498671875","0.5024609375","0.20335895662177778","0.10428021150456371"
"Twofish","CTR","24","256","100","0.00018062499999359715","0.00015272700005880324","1.3516435986638304","1.5985426604726114","0.4921875","0.5048828125","0.07968847372401758","0.14194424901714517"
"Twofish","CTR","24","1024","100","0.0006153570000242325","0.0005821230000037758","1.586985278401876","1.677587898079385","0.49828125","0.4973046875","0.11183608908263801","0.12495403405876045"
"Twofish","CTR","24","4096","100","0.0023071600000002944","0.0021891059999870777","1.693098874806906","1.78440422712425","0.4992578125","0.4985546875","0.07535384915382053","0.06345718888889988"
"Twofish","CTR","24","16384","100","0.008865275999996812","0.00871929099999761","1.7624944784579317","1.7920035012025959","0.49890625","0.50109375","0.03424607259623031","0.02854952722814147"
"Twofish","CTR","32","64","100","4.408999993756879e-05","5.8093000034205035e-05","1.3843310577551704","1.050645623639038","0.494609375","0.5113671875","0.11190452010600256","0.10977827654605296"
"Twofish","CTR","32","256","100","0.0001454259999536589","0.00017729199999848787","1.6787962611761118","1.3770538151867104","0.50203125","0.5009765625","0.12014886151956797","0.13031063852919617"
"Twofish","CTR","32","1024","100","0.0005686569999397761","0.0005905049999637413","1.7173137763246091","1.6537751586522784","0.49984375","0.4977734375","0.10560743625565419","0.10844588314811827"
"Twofish","CTR","32","4096","100","0.002280436999981248","0.0023101149999911284","1.7129392305212208","1.6909331353698849","0.5006640625","0.501015625","0.07748538136222759","0.08829704197179915"
"Twofish","CTR","32","16384","100","0.008726914999933798","0.010063341999984914","1.7904379726533983","1.5526651086709984","0.4958203125","0.5037109375","0.032339714111573645","0.15620888668047284"
"ChaCha20","Stream","32","64","100","1.941500010616437e-05","1.4788000016778825e-05","3.1437113528843605","4.127343533997027","0.587744140625","0.592431640625","0.7709425507197999","0.37603812208369497"
"ChaCha20","Stream","32","256","100","1.6544000009162118e-05","1.6646000076434576e-05","14.757049375289784","14.666624046555498","0.59419921875","0.595107421875","1.5425518782988996","1.6892038832350817"
"ChaCha20","Stream","32","1024","100","3.4367999987807706e-05","3.192000005583395e-05","28.414877221439784","30.594063229693376","0.593701171875","0.592998046875","1.700656094103082","0.3561759189213039"
"ChaCha20","Stream","32","4096","100","4.289499998776591e-05","4.513999997470819e-05","91.06539226283022","86.53633146186665","0.592490234375","0.593623046875","5.335998102784597","12.821689741827063"
"ChaCha20","Stream","32","16384","100","0.00011925599996175151","0.00011497599999529484","131.02066147624726","135.89792652935762","0.59638671875","0.5942578125","5.134379645119944","6.269946713281455"
