algorithm,mode,key_size_bytes,message_size_bytes,repetitions,avg_encrypt_time_s,avg_decrypt_time_s,throughput_encrypt_mbps,throughput_decrypt_mbps,avalanche_score,key_avalanche_score,ci95_encrypt_mbps,ci95_decrypt_mbps,extra
AES,ECB,16,64,100,5.375667980842991e-05,3.5379039873078e-05,1.135396688700047,1.725178423975413,0.4925390625,0.4972265625,0.6153053945547824,0.0382575241012882,{}
AES,ECB,16,256,100,4.0719279895711223e-05,3.787157984334044e-05,5.995700946217229,6.44653922571786,0.50265625,0.4977734375,0.2868122522604847,0.044405629538669174,{}
AES,ECB,16,1024,100,4.885414000455057e-05,4.689881992817391e-05,19.989349928358926,20.822752075545118,0.500546875,0.5001171875,0.6169314554427523,0.14234848475957956,{}
AES,ECB,16,4096,100,8.496510017721448e-05,7.583147980767535e-05,45.97475895223577,51.51224807833205,0.4980859375,0.4988671875,2.0917729881682035,0.3320300266625306,{}
AES,ECB,16,16384,100,0.0002090739700361155,0.0001900939100960386,74.73431531099224,82.19621550267439,0.499921875,0.500390625,1.057659747441845,0.3559937920317505,{}
AES,ECB,24,64,100,3.7297860108083116e-05,3.539331002684776e-05,1.6364251480682825,1.7244828529375043,0.501484375,0.5000390625,0.04571777658937178,0.020085033192000085,{}
AES,ECB,24,256,100,3.916915997251636e-05,3.804194027907215e-05,6.232980875038041,6.4176701611170985,0.502109375,0.5025,0.0863920096239801,0.05621059495151315,{}
AES,ECB,24,1024,100,4.9986750236712394e-05,4.839178967813495e-05,19.536427060680793,20.180334442998372,0.5006640625,0.503359375,0.18921912607629335,0.10126475753674247,{}
AES,ECB,24,4096,100,8.702602011908312e-05,8.345568025106332e-05,44.88600070019099,46.80628074983824,0.5009375,0.5006640625,0.6518236725891098,0.2971051061544121,{}
AES,ECB,24,16384,100,0.00023597077997692396,0.00021818948007421569,66.21582554216246,71.61206853183417,0.5028515625,0.500390625,0.55004179387306,0.17843939187873167,{}
AES,ECB,32,64,100,3.765913985262159e-05,3.5960889981652144e-05,1.62072624305441,1.6972648975356608,0.49953125,0.4980859375,0.03168047477210447,0.01283693078111528,{}
AES,ECB,32,256,100,4.053571006807033e-05,3.9363139985653104e-05,6.0228530495709185,6.20226498925094,0.4966015625,0.4968359375,0.05475084228050403,0.032444573494165296,{}
AES,ECB,32,1024,100,5.2102239897067194e-05,5.113191022246611e-05,18.743196106909988,19.098885524736808,0.49890625,0.50140625,0.12955719057682133,0.07612925551564544,{}
AES,ECB,32,4096,100,9.797682003409136e-05,9.042845988005866e-05,39.86912413202232,43.19713069514975,0.5016015625,0.5023828125,2.0600036910637014,0.23308908742654796,{}
AES,ECB,32,16384,100,0.000262997110003198,0.00047222191009495875,59.411299233706416,33.08825716464105,0.5021875,0.50265625,0.45806860234013874,0.9354040737241334,{}
AES,CBC,16,64,100,0.00020294542009651194,5.325945996446535e-05,0.3007466550414114,1.1459965288931315,0.5040625,0.5,0.0024355562605194265,0.010041131303061673,{}
AES,CBC,16,256,100,0.0006672295300813858,8.404916967265308e-05,0.36590200821930163,2.904735715425343,0.493203125,0.5051953125,0.0008176386914471145,0.041019351417545896,{}
AES,CBC,16,1024,100,0.002526442870293977,0.00020697235999250551,0.386536545703235,4.718323258406878,0.5020703125,0.492890625,0.0008267766102481152,0.012283826926095651,{}
AES,CBC,16,4096,100,0.010014441740240727,0.0006858507200013264,0.39006168304955374,5.695481372378593,0.495625,0.497265625,0.002741978004447997,0.012971908569230414,{}
AES,CBC,16,16384,100,0.03962243381982262,0.0025934406797387057,0.39434730514163935,6.024814880891839,0.4975390625,0.5037890625,0.0008040320409810774,0.01117444164205101,{}
AES,CBC,24,64,100,0.00020460755993553903,5.395852989749983e-05,0.29830352441145835,1.1311493542530346,0.4980078125,0.504453125,0.0017295885145059441,0.009082179634040415,{}
AES,CBC,24,256,100,0.0006679259400334558,8.435810006631073e-05,0.3655205021499408,2.8940981933932868,0.504296875,0.4925,0.0014895420644372662,0.012673818859447943,{}
AES,CBC,24,1024,100,0.002599601189904206,0.0002106387999447179,0.37565858324444984,4.636194757358561,0.5025390625,0.4985546875,0.006552542378672785,0.036527426037213206,{}
AES,CBC,24,4096,100,0.010015519889857388,0.0006949233100749553,0.3900196937311081,5.621123861248326,0.501953125,0.49984375,0.001422197744800995,0.030535806681668505,{}
AES,CBC,24,16384,100,0.03961173937008425,0.0026389180003752698,0.3944537717472811,5.92098731289795,0.5006640625,0.5032421875,0.00033792226034728696,0.020674735171790717,{}
AES,CBC,32,64,100,0.00020544419017824112,5.5241620029846674e-05,0.2970887431620557,1.1048762910469156,0.5013671875,0.5024609375,0.0019199444122175227,0.0382603668216608,{}
AES,CBC,32,256,100,0.0006767733500601025,8.497797032759991e-05,0.3607420785382854,2.8729872466806357,0.5013671875,0.5,0.002918655313533104,0.011815304573407553,{}
AES,CBC,32,1024,100,0.002570566829745076,0.00021279614982631757,0.3799016188568986,4.589192524381019,0.5034765625,0.498984375,0.00102104323818872,0.012608571886237933,{}
AES,CBC,32,4096,100,0.01006667212004686,0.0007039118901957409,0.3880378692597983,5.549345101861777,0.4975390625,0.4934765625,0.00046420852184889995,0.006325669876233961,{}
AES,CBC,32,16384,100,0.040669029770142515,0.0030393667501630263,0.3841989860173949,5.140873505693876,0.501171875,0.5005859375,0.002515566555435716,0.04892372058127868,{}
AES,CTR,16,64,100,7.537585977843264e-05,7.483409015549114e-05,0.8097440802587573,0.8156063115510651,0.49609375,0.4988671875,0.06852244756775748,0.026675356584642658,{}
AES,CTR,16,256,100,0.00014912547983840342,0.00018547414987551747,1.6371489651839355,1.3163053997759635,0.49953125,0.499375,0.11791394172391659,0.5755223717707894,{}
AES,CTR,16,1024,100,0.00046689458013133845,0.0005378546397332685,2.09161241435977,1.8156625003445066,0.5009375,0.50140625,0.6054426841111467,0.1345818852238307,{}
AES,CTR,16,4096,100,0.0010349294999468838,0.0010440265298529993,3.7744116871733606,3.741523695331771,0.5021875,0.4981640625,0.09831686406932515,0.04771168951329134,{}
AES,CTR,16,16384,100,0.003718424380058423,0.0037117122401468805,4.202048610641507,4.209647458926311,0.5012890625,0.5015625,0.01201220369569982,0.01667897755939621,{}
AES,CTR,24,64,100,6.353351007419405e-05,6.038056992110796e-05,0.9606765969442506,1.0108410094463718,0.5025390625,0.499375,0.04621837028286962,0.01830429711456396,{}
AES,CTR,24,256,100,0.00011338836982758948,0.00011252508982579457,2.1531363875433023,2.1696550109665824,0.4959765625,0.5015234375,0.07183915698452324,0.06109620585465322,{}
AES,CTR,24,1024,100,0.00026389287992060415,0.00026835520991880913,3.700601927167616,3.6390666694917493,0.5020703125,0.5045703125,0.05750695822498135,0.06578504294498498,{}
AES,CTR,24,4096,100,0.0013297042100020918,0.0013420586498614285,2.937683411556511,2.910640306519638,0.4978515625,0.5004296875,0.10557446784305621,0.1042925975840507,{}
AES,CTR,24,16384,100,0.004545579400000861,0.004442785460123559,3.437405581342841,3.516937772539989,0.499296875,0.499921875,0.09730856720556079,0.0831369723579409,{}
AES,CTR,32,64,100,7.484930003556656e-05,6.914677993336227e-05,0.8154405748750835,0.882689784091471,0.499609375,0.496015625,0.10205457027065863,0.04496977116391358,{}
AES,CTR,32,256,100,0.0001435714799663401,0.00013093869984004414,1.700481356445152,1.8645413869103964,0.496640625,0.4973046875,0.11327953634229541,0.0662273721347609,{}
AES,CTR,32,1024,100,0.00043669967013556745,0.00045405573993775763,2.2362336561803207,2.1507546631474543,0.499921875,0.499296875,0.10336661463462302,0.0989947580912167,{}
AES,CTR,32,4096,100,0.00136069726999267,0.0013578520300870879,2.870770807103216,2.8767862134060858,0.5037109375,0.4993359375,0.07399081605020692,0.07519928800592598,{}
AES,CTR,32,16384,100,0.004438695509998069,0.004365138069806563,3.5201783868267182,3.5794973148907543,0.50296875,0.5006640625,0.05412438637743253,0.05552620885830449,{}
AES,GCM,16,64,100,0.0005463005598721793,0.0005036523401213345,0.11172449880754415,0.12118509413715038,0.5015625,0.5027734375,0.06575042456810834,0.005845196786559156,{}
AES,GCM,16,256,100,0.0003628129401113256,0.0004909927199332742,0.6729104670993483,0.49723878804797483,0.494765625,0.5016015625,0.03319513492602706,0.02613735666400325,{}
AES,GCM,16,1024,100,0.0004133288598677609,0.000561868349868746,2.3626767806933158,1.7380628402153773,0.505703125,0.504453125,0.13199926281680466,0.10302662962004597,{}
AES,GCM,16,4096,100,0.0006097229101578706,0.0008629614799428964,6.406598694132367,4.5265635729864595,0.5002734375,0.5015234375,0.3031112584696126,0.22871220126102734,{}
AES,GCM,16,16384,100,0.0015145364699856146,0.0014662880302057603,10.316687851134024,10.656160098236215,0.500546875,0.5049609375,0.6656689709074785,0.3908839078177738,{}
AES,GCM,24,64,100,0.0003701371600254788,0.0005081203498775722,0.16489875333186912,0.12011948796127919,0.499765625,0.495703125,0.0074431964152332514,0.005813578899008355,{}
AES,GCM,24,256,100,0.0003846327500286861,0.0005258213298293412,0.6347369665786178,0.46430338814752425,0.4988671875,0.505703125,0.03176665105871592,0.021102074383108495,{}
AES,GCM,24,1024,100,0.0004367268400164903,0.0005706417201508885,2.236094534430552,1.7113408738179507,0.499921875,0.5015625,0.1162782459948507,0.09561189241770143,{}
AES,GCM,24,4096,100,0.0006330352498844149,0.0008558935001201462,6.1706674323637385,4.563943994727918,0.4937109375,0.49734375,0.3056411773048283,0.1975969629654617,{}
AES,GCM,24,16384,100,0.0014174894902680534,0.0014668010097375372,11.023009417195217,10.652433354130203,0.496171875,0.495078125,0.43300949937951383,0.38668783033880244,{}
AES,GCM,32,64,100,0.0003754511998704402,0.0005064130201935768,0.1625648187329322,0.1205244608968965,0.4961328125,0.5037890625,0.009555288841528998,0.006109688638217254,{}
AES,GCM,32,256,100,0.0003647512999305036,0.0006136442496790551,0.669334489134148,0.39785368334778515,0.49796875,0.498984375,0.031793498269783615,0.021508076437974182,{}
AES,GCM,32,1024,100,0.0006606629199086456,0.0005973025199273252,1.478155456545126,1.6349545957362108,0.500703125,0.4970703125,0.3238902200995491,0.10023550115594956,{}
AES,GCM,32,4096,100,0.0007656333702107076,0.0009017498595858342,5.101985038772504,4.3318554014459245,0.5041796875,0.5018359375,0.25324250188047465,0.4580660241215499,{}
AES,GCM,32,16384,100,0.00154016877993854,0.0015176836199316313,10.144992031732725,10.295294615292663,0.502109375,0.501875,0.6712500373099967,0.28482246718826454,{}
DES,ECB,8,64,100,8.936031998018734e-05,6.29297499472159e-05,0.6830230270385391,0.9698935130235693,0.50015625,0.422421875,0.17455585164335044,0.04638212427304007,{}
DES,ECB,8,256,100,8.240685019700322e-05,7.143779013858875e-05,2.9626253693273465,3.4175276772471417,0.50203125,0.426171875,0.26259321564087323,0.16296168468700922,{}
DES,ECB,8,1024,100,0.00010864070980460384,0.00010871849000977818,8.988918626879373,8.98248770666487,0.506484375,0.4440625,0.6908610551702853,0.9254888747469379,{}
DES,ECB,8,4096,100,0.00022302448964182985,0.0002105930500329123,17.51489267511972,18.54880775690136,0.5078125,0.440859375,0.7900518018856728,0.6067035668678252,{}
DES,ECB,8,16384,100,0.0008553196599677904,0.0008353233299567364,18.268023911187083,18.705331743588747,0.50234375,0.44046875,0.6389428903787079,0.7428266735405601,{}
DES,CBC,8,64,100,0.000667691260096035,9.147269967797911e-05,0.09141224379846043,0.6672499714654583,0.504609375,0.437578125,0.0030443129998074586,0.02526082014575649,{}
DES,CBC,8,256,100,0.0021487138398151727,0.00014681688015116378,0.11362174919532347,1.6628920649221735,0.498125,0.4325,0.0016036279006309423,0.08370935129108506,{}
DES,CBC,8,1024,100,0.00842008106999856,0.0004421114598517306,0.11598017784883002,2.2088604089283423,0.5078125,0.4571875,0.0009064250615501617,0.1055388015491953,{}
DES,CBC,8,4096,100,0.033237032639990505,0.0012119588799032498,0.11752703805754411,3.22308789908106,0.490546875,0.41375,0.0007569821280037358,0.10238509636435027,{}
DES,CBC,8,16384,100,0.1286115598100514,0.0036728624199167826,0.12148985692325658,4.2541751401496875,0.507734375,0.446171875,0.0012848256717578493,0.04963322188296164,{}
DES,CTR,8,64,100,0.00010735482010204578,9.383822991367197e-05,0.5685367102472272,0.6504295350216037,0.50109375,0.42625,0.03647692963215094,0.023092637011139554,{}
DES,CTR,8,256,100,0.00020444254998437826,0.00023035645022901008,1.1941771662437939,1.0598384579953646,0.508984375,0.444765625,0.07719896491402722,0.05880792214352452,{}
DES,CTR,8,1024,100,0.0005655667299652123,0.0006038792600156739,1.7266972193715635,1.617148600159994,0.4953125,0.444765625,0.061869499712833544,0.06814443029348624,{}
DES,CTR,8,4096,100,0.0017042429001958225,0.0016765829198266146,2.2920735063946345,2.329887745966044,0.498359375,0.459296875,0.06192232072842058,0.06304867717739907,{}
DES,CTR,8,16384,100,0.005798881619848544,0.005616311210069398,2.694485079074281,2.7820751763161162,0.49703125,0.42859375,0.04524400539649718,0.03916849568940389,{}
3DES,ECB,16,64,100,0.00020022452994453488,0.0001804777800134616,0.3048335599384732,0.33818654155346695,0.501328125,0.4478125,0.015342054242129258,0.01581636004323923,{}
3DES,ECB,16,256,100,0.0002164001899654977,0.00023415080988343107,1.1281904375357765,1.0426640211987404,0.495,0.43515625,0.06304719952540702,0.047448174989880375,{}
3DES,ECB,16,1024,100,0.0004455419499572599,0.0003752189498482039,2.191853090587048,2.602647068851591,0.49890625,0.44828125,0.11932878047636779,0.13650821047999626,{}
3DES,ECB,16,4096,100,0.0007820139900650247,0.0007576415802759584,4.995115240425807,5.155802033168788,0.502734375,0.4434375,0.19354930331511233,0.21094018444078094,{}
3DES,ECB,16,16384,100,0.002079908749947208,0.002017116479983088,7.5123487991464,7.746206109094406,0.49984375,0.42546875,0.16676962874164697,0.1579728860361484,{}
3DES,ECB,24,64,100,0.00023871534991485533,0.00026177765990723854,0.2556817409176659,0.23315647435930145,0.499765625,0.4340625,0.01584931298169389,0.02321040889329516,{}
3DES,ECB,24,256,100,0.0003000784298274084,0.0002842080800110125,0.8135893844166631,0.8590207040930716,0.497734375,0.433046875,0.04880582884177896,0.042826199793374264,{}
3DES,ECB,24,1024,100,0.00042869306005741234,0.0004204824201224255,2.277999321634026,2.322481162745565,0.498203125,0.41546875,0.1287215745427132,0.1271608257695444,{}
3DES,ECB,24,4096,100,0.0008326325501184328,0.0008032406599159003,4.691445223279319,4.863112881273946,0.508515625,0.43421875,0.18081446192955525,0.19024302456314876,{}
3DES,ECB,24,16384,100,0.0020805309803472484,0.0020035571200060077,7.510102059327244,7.7986296691921355,0.493984375,0.4440625,0.2202569447507646,0.17288704507492134,{}
3DES,CBC,16,64,100,0.00018341039005463245,0.0002809740799784777,0.33277916388389694,0.21722699921172525,0.49875,0.44890625,0.013842984295096667,0.008978506587580763,{}
3DES,CBC,16,256,100,0.0007068213696038583,0.00037955772000714205,0.3454064003990568,0.6432239739331506,0.498046875,0.455234375,0.02036419957080439,0.040208903514591506,{}
3DES,CBC,16,1024,100,0.002476647309886175,0.0007142955498784431,0.39430826347449616,1.3671686743200189,0.49453125,0.42828125,0.018727169143949306,0.06662132515070454,{}
3DES,CBC,16,4096,100,0.008988184649933829,0.0016348828401896753,0.4345983257062657,2.3893149429269234,0.502421875,0.416328125,0.002946199856331001,0.06251331785922422,{}
3DES,CBC,16,16384,100,0.034730595699911646,0.004724996920122067,0.449891505893167,3.3068804623890293,0.50359375,0.438359375,0.0011572413709213204,0.03187243292255433,{}
3DES,CBC,24,64,100,0.00018216363012470537,0.0002917846100899624,0.3350567630224355,0.2091788056648422,0.4975,0.40421875,0.013591142903365883,0.010382482837887327,{}
3DES,CBC,24,256,100,0.0006334822899589198,0.00041091981009230946,0.3853945546225642,0.5941320398867019,0.488359375,0.446328125,0.012451353272629449,0.029784486888170925,{}
3DES,CBC,24,1024,100,0.0023215301500022177,0.0006976166001550155,0.4206546703686218,1.399855593721538,0.508203125,0.43359375,0.0054345554190290074,0.057557606273333985,{}
3DES,CBC,24,4096,100,0.008853472779846924,0.0016319075700448593,0.44121104758934365,2.3936711071771186,0.50546875,0.435,0.0030369462415909534,0.04709164336070734,{}
3DES,CBC,24,16384,100,0.034700551590212854,0.004803252539968526,0.4502810267836482,3.253004057142993,0.501953125,0.44421875,0.0020323314915111587,0.03463132980241985,{}
3DES,CTR,16,64,100,0.0003201265599273029,0.00029137277022527996,0.19065945750911886,0.20947446874603143,0.496171875,0.461328125,0.01147245715380852,0.011752272162135629,{}
3DES,CTR,16,256,100,0.00043317309020494575,0.0003886179702385562,0.5636098606321334,0.628227832207894,0.499453125,0.43546875,0.0424696610271156,0.043966936666007414,{}
3DES,CTR,16,1024,100,0.0007797258598657208,0.0007896014900325099,1.2524433910248622,1.2367789477699598,0.50828125,0.452265625,0.04081566775080263,0.04253062753022882,{}
3DES,CTR,16,4096,100,0.0022051490399462637,0.00213000401010504,1.7714222164753044,1.8339167351179613,0.50515625,0.423828125,0.03379967202492979,0.041753547058632726,{}
3DES,CTR,16,16384,100,0.006700014809903223,0.006664460960164434,2.3320843973217564,2.344525700337283,0.501796875,0.427890625,0.026655671404489,0.028806129025830362,{}
3DES,CTR,24,64,100,0.0002952506799920229,0.0002938254897890147,0.2067231691105641,0.20772587257091654,0.503515625,0.431953125,0.012497731818418813,0.01089664168659826,{}
3DES,CTR,24,256,100,0.00047142897987214385,0.0004501442201217287,0.517873604346965,0.5423609014328321,0.495625,0.434921875,0.022135750998404233,0.026553151609539766,{}
3DES,CTR,24,1024,100,0.0009050188898982014,0.0008837018599297153,1.0790520627805305,1.1050814129526334,0.503125,0.446015625,0.047778006709316485,0.03768521818724969,{}
3DES,CTR,24,4096,100,0.0021205689799171524,0.0021364692298084264,1.8420763658216917,1.828367076623082,0.4975,0.43171875,0.03652368674432216,0.03569552981927711,{}
3DES,CTR,24,16384,100,0.00678764111980854,0.006832665420079138,2.3019779219618988,2.286808886336341,0.496171875,0.42625,0.02669180966524633,0.030947748292743445,{}
Twofish,ECB,16,64,100,7.510779996664497e-05,7.167560012021568e-05,0.8126340576758397,0.8515471952467879,0.4985546875,0.49875,0.06858734630981705,0.05376261882319485,{}
Twofish,ECB,16,256,100,0.00023219545979372925,0.00021410550023574616,1.0514444391672526,1.1402818924837659,0.49703125,0.5006640625,0.03899799673092197,0.029989300076658742,{}
Twofish,ECB,16,1024,100,0.0008818774497922278,0.0008671337701525772,1.1073675829108458,1.1261959038086686,0.50046875,0.495703125,0.0177319987504218,0.03418879121638006,{}
Twofish,ECB,16,4096,100,0.0032434189501509537,0.003161746250152646,1.2043618354693886,1.2354723279299882,0.498984375,0.4961328125,0.009544504005059472,0.008432176551177579,{}
Twofish,ECB,16,16384,100,0.012510195780050708,0.01218090472961194,1.2489812529485982,1.2827454402475884,0.4976171875,0.501875,0.0044985582048507975,0.0031029625929382167,{}
Twofish,ECB,24,64,100,7.158764012274332e-05,6.766487014829181e-05,0.8525934944265496,0.9020213312496961,0.4967578125,0.49671875,0.04864257265288494,0.03995142826975682,{}
Twofish,ECB,24,256,100,0.00024724499995500083,0.00021256973006529732,0.9874441345403715,1.1485201817069848,0.5009765625,0.50046875,0.10056386370751746,0.033529446336907846,{}
Twofish,ECB,24,1024,100,0.0009583666500839172,0.0008443988900398836,1.0189863137604898,1.1565179816305466,0.496015625,0.49953125,0.05900321382969524,0.01992796424111054,{}
Twofish,ECB,24,4096,100,0.003371500610119256,0.003272670129990729,1.158608718110785,1.1935972294314507,0.5026171875,0.502890625,0.013079750975201948,0.01596045688656971,{}
Twofish,ECB,24,16384,100,0.0160098707099678,0.012103072180252639,0.9759604111151143,1.2909945315780018,0.50078125,0.4967578125,0.09104988868197048,0.01646599752799311,{}
Twofish,ECB,32,64,100,6.776525995519478e-05,6.346204005239996e-05,0.9006850455580838,0.9617584968841829,0.50671875,0.502890625,0.03998649434368172,0.03841760859690056,{}
Twofish,ECB,32,256,100,0.00020878138988337014,0.00020356959004857344,1.1693600906497572,1.1992981119711739,0.496953125,0.50265625,0.024342337167599887,0.02830653063538559,{}
Twofish,ECB,32,1024,100,0.0008364941399122472,0.0008138336498450372,1.1674469113465,1.1999534550899291,0.5004296875,0.4996484375,0.015661386567770243,0.01809933531104937,{}
Twofish,ECB,32,4096,100,0.0031242606998785048,0.003045833630130801,1.2502957900254306,1.2824896151114626,0.4991015625,0.50078125,0.006664855585031744,0.0071951566350320646,{}
Twofish,ECB,32,16384,100,0.012112346429785249,0.011694763419764059,1.2900060356246787,1.3360680707395818,0.498125,0.5004296875,0.0088441034272593,0.003006017166899577,{}
Twofish,CBC,16,64,100,0.00010882647013204404,8.967547993961489e-05,0.5608484422580582,0.6806225769976304,0.5028515625,0.5013671875,0.02229806508930302,0.024887365700754557,{}
Twofish,CBC,16,256,100,0.00036257500018109566,0.0002765106298829778,0.6733520647536616,0.882933958464175,0.49421875,0.5069921875,0.014878620989196234,0.019313958186311948,{}
Twofish,CBC,16,1024,100,0.0013519307100796141,0.0010736662900308147,0.7223465616388661,0.9095586860345333,0.505390625,0.4985546875,0.011451997673083369,0.01363080707279321,{}
Twofish,CBC,16,4096,100,0.005033730100003595,0.003985817869906896,0.7760149873743152,0.9800372539579301,0.496328125,0.5012109375,0.004015770718682572,0.020313065310826203,{}
Twofish,CBC,16,16384,100,0.01968958539990126,0.014695886109984712,0.7935667350353836,1.0632227198184414,0.5014453125,0.5025390625,0.0018290553685087116,0.0025679507722549152,{}
Twofish,CBC,24,64,100,0.00011727002001862274,8.796402002190007e-05,0.5204668357719004,0.6938650170240549,0.5038671875,0.5009375,0.04307895364853584,0.019133921519570413,{}
Twofish,CBC,24,256,100,0.0003694266100501409,0.00028292402981605847,0.6608636691516718,0.8629193679968673,0.498515625,0.4994140625,0.015996017016595025,0.02368828417112475,{}
Twofish,CBC,24,1024,100,0.0013868291298786061,0.0010597264600437483,0.7041693017260763,0.9215231824632225,0.4937109375,0.496171875,0.006415815837735761,0.014244285241603993,{}
Twofish,CBC,24,4096,100,0.005088175929849967,0.003904203930105723,0.7677112689999266,1.0005240683967607,0.4942578125,0.5004296875,0.0036919955472959863,0.005432276925511299,{}
Twofish,CBC,24,16384,100,0.019759506760019575,0.014616645660098584,0.790758604947309,1.068986713049635,0.5041796875,0.49640625,0.001855543514797478,0.002756537680432952,{}
Twofish,CBC,32,64,100,0.00011080926000431646,8.408136000070954e-05,0.5508127772680951,0.7259059112445962,0.50078125,0.5008203125,0.01502989332116902,0.014042105722516494,{}
Twofish,CBC,32,256,100,0.00036398820026079193,0.0002749966499686707,0.6707377459628554,0.88779490596636,0.4991796875,0.4998828125,0.013075882938559468,0.021910014903352273,{}
Twofish,CBC,32,1024,100,0.001364280640045763,0.0010714349199042771,0.7158076361526632,0.9114529327523195,0.5055859375,0.4979296875,0.008420819201979238,0.015426204212730355,{}
Twofish,CBC,32,4096,100,0.005143592019885545,0.003954266209875641,0.7594400926236217,0.987857112463566,0.497890625,0.499375,0.004632463959901266,0.006948865269758023,{}
Twofish,CBC,32,16384,100,0.020837792469937996,0.01462148377984704,0.7498395054342574,1.068632994794695,0.4978515625,0.5044921875,0.012371255537740138,0.00312084170000618,{}
Twofish,CTR,16,64,100,8.42211399867665e-05,8.781401000305777e-05,0.7247011410625686,0.6950503256584535,0.5030859375,0.497890625,0.03139834695886073,0.08319398207565107,{}
Twofish,CTR,16,256,100,0.00030622917034634156,0.000296979409904452,0.7972481025366717,0.8220792986239283,0.4967578125,0.50515625,0.022361494136304137,0.02071119279575575,{}
Twofish,CTR,16,1024,100,0.0012361287701423862,0.001220507019861543,0.7900168037408534,0.8001285401134223,0.495234375,0.499375,0.01444233497494419,0.01427967688786953,{}
Twofish,CTR,16,4096,100,0.004262672690128966,0.004312539809870941,0.9163851611327488,0.9057887398648501,0.4992578125,0.49484375,0.0070613041122381814,0.012272255203263468,{}
Twofish,CTR,16,16384,100,0.01648338599010458,0.016164089989979404,0.9479241710034642,0.9666489118587188,0.4987109375,0.4973828125,0.003654317041951149,0.004400380646341944,{}
Twofish,CTR,24,64,100,8.435144016402774e-05,8.326083992869826e-05,0.7235816736657078,0.7330595788160247,0.4994140625,0.499921875,0.04520873051089262,0.020094336548555386,{}
Twofish,CTR,24,256,100,0.0003178851197299082,0.00031040933994518126,0.7680152666706597,0.7865118525206606,0.50109375,0.5001953125,0.029149686066618174,0.023549954434248507,{}
Twofish,CTR,24,1024,100,0.0012393635397893376,0.0012190347597424989,0.7879548402448505,0.8010948762497001,0.5030859375,0.4999609375,0.017770259347319,0.0180616838253769,{}
Twofish,CTR,24,4096,100,0.004338581580232131,0.004228217860072618,0.9003518610317339,0.9238525850067979,0.497109375,0.4962890625,0.0081952856295095,0.008399177742801708,{}
Twofish,CTR,24,16384,100,0.01622365285988053,0.016067082770023264,0.9630999957253191,0.9724851874885422,0.495078125,0.4993359375,0.004457204313742221,0.0038232664338661722,{}
Twofish,CTR,32,64,100,9.072020002349745e-05,8.043441001063911e-05,0.6727846304813181,0.7588189711583244,0.5003125,0.497734375,0.05320109811353384,0.03818322426577726,{}
Twofish,CTR,32,256,100,0.0003230972701203427,0.0003114391100098146,0.7556257745819578,0.7839112595470306,0.49890625,0.5029296875,0.02244191021997638,0.019855645679180373,{}
Twofish,CTR,32,1024,100,0.0012583946999075125,0.0012337588299851632,0.7760383129965295,0.7915343552286825,0.50578125,0.4948828125,0.017793435059877273,0.017801786616229033,{}
Twofish,CTR,32,4096,100,0.004298984660126734,0.00428218005970848,0.9086447868099263,0.9122105902912283,0.5023828125,0.4951953125,0.007331560287653331,0.0077936117045971105,{}
Twofish,CTR,32,16384,100,0.016204490000236545,0.016022366479919583,0.9642389238891143,0.9751992640776509,0.495078125,0.5008984375,0.005556506016628288,0.003859062860781537,{}
ChaCha20,Stream,32,64,100,3.534680989105254e-05,2.7897679901798257e-05,1.7267514787932825,2.1878219430736867,0.597255859375,0.592724609375,0.5055208588014,0.1884738920838305,{}
ChaCha20,Stream,32,256,100,3.612648008129327e-05,2.8913139904034324e-05,6.7579411127412605,8.443933305421956,0.594365234375,0.592822265625,2.017443556464967,0.4737292241119757,{}
ChaCha20,Stream,32,1024,100,4.468006987735862e-05,3.697217005537823e-05,21.85678094686391,26.4134482378846,0.594091796875,0.592978515625,5.542500251579499,1.3213567943301652,{}
ChaCha20,Stream,32,4096,100,6.72080403091968e-05,6.481925018306356e-05,58.12176611650832,60.263733211475085,0.5926953125,0.592802734375,4.868025543607904,2.2654128780121625,{}
ChaCha20,Stream,32,16384,100,0.0002550323102695984,0.00019217191980715144,61.26674688192482,81.30740440996799,0.593896484375,0.597021484375,4.21858314782202,2.6905857492343612,{}
